id,CarrierCode,Date,Flight_Number,Tail_Number,Destination_Airport,Scheduled_departure_time,Actual_departure_time,Scheduled_elapsed_time(Minutes),Actual_elapsed_time(Minutes),Departure_delay(Minutes),Wheels-off_time,Taxi-Out_time(Minutes),Delay_Carrier(Minutes),Delay_Weather(Minutes),Delay_National_Aviation_System(Minutes),Delay_Security(Minutes),Delay_Late_Aircraft_Arrival(Minutes)
1,B6,1/1/22,296,N216JB,BOS,7:00,0:00,145,0,0,0:00,0,0,0,0,0,0
2,B6,1/1/22,467,N193JB,FLL,5:49,5:46,111,96,-3,5:57,11,0,0,0,0,0
3,B6,1/1/22,567,N192JB,FLL,14:55,14:55,112,103,0,15:12,17,0,0,0,0,0
4,B6,1/1/22,696,N298JB,BOS,17:37,18:27,151,132,50,18:45,18,14,0,0,0,17
5,B6,1/1/22,720,N317JB,JFK,16:25,16:39,129,132,14,16:52,13,14,0,3,0,0
6,B6,1/1/22,920,N236JB,JFK,6:30,6:56,129,120,26,7:06,10,17,0,0,0,0
7,B6,1/1/22,2606,N283JB,EWR,18:53,19:25,134,150,32,19:43,18,17,0,16,0,15
8,B6,1/2/22,296,N318JB,BOS,7:00,7:20,145,157,20,7:50,30,20,0,12,0,0
9,B6,1/2/22,467,N192JB,FLL,5:49,6:02,111,105,13,6:16,14,0,0,0,0,0
10,B6,1/2/22,567,N190JB,FLL,14:55,0:00,112,0,0,0:00,0,0,0,0,0,0
11,B6,1/2/22,696,N184JB,BOS,17:37,18:59,151,133,82,19:16,17,15,0,0,0,49
12,B6,1/2/22,720,N354JB,JFK,16:25,17:56,129,127,91,18:16,20,17,0,0,0,72
13,B6,1/2/22,920,N292JB,JFK,6:30,0:00,129,0,0,0:00,0,0,0,0,0,0
14,B6,1/2/22,2606,N179JB,EWR,18:53,20:22,134,119,89,20:36,14,74,0,0,0,0
15,B6,1/3/22,296,N249JB,BOS,7:00,0:00,145,0,0,0:00,0,0,0,0,0,0
16,B6,1/3/22,467,N294JB,FLL,5:49,0:00,111,0,0,0:00,0,0,0,0,0,0
17,B6,1/3/22,567,N258JB,FLL,14:55,18:56,112,119,241,19:19,23,167,0,7,0,74
18,B6,1/3/22,696,N324JB,BOS,17:37,20:33,151,143,176,20:51,18,6,0,0,0,162
19,B6,1/3/22,720,N351JB,JFK,16:25,16:51,129,137,26,17:11,20,26,0,8,0,0
20,B6,1/3/22,920,N179JB,JFK,6:30,0:00,129,0,0,0:00,0,0,0,0,0,0
21,B6,1/3/22,2606,N353JB,EWR,18:53,0:00,134,0,0,0:00,0,0,0,0,0,0
22,B6,1/4/22,296,N258JB,BOS,7:00,6:59,145,195,-1,8:06,67,0,0,49,0,0
23,B6,1/4/22,467,N294JB,FLL,5:49,0:00,111,0,0,0:00,0,0,0,0,0,0
24,B6,1/4/22,696,N316JB,BOS,17:37,18:16,151,147,39,18:31,15,13,0,0,0,22
25,B6,1/4/22,720,N318JB,JFK,16:25,17:53,129,135,88,18:08,15,35,0,6,0,53
26,B6,1/4/22,920,N353JB,JFK,6:30,6:58,129,152,28,7:43,45,28,0,23,0,0
27,B6,1/4/22,2606,N229JB,EWR,18:53,0:00,134,0,0,0:00,0,0,0,0,0,0
28,B6,1/5/22,296,N703JB,BOS,5:45,6:07,147,137,22,6:18,11,0,0,0,0,0
29,B6,1/5/22,467,N265JB,FLL,7:30,7:23,110,104,-7,7:35,12,0,0,0,0,0
30,B6,1/5/22,520,N625JB,JFK,12:23,12:20,126,124,-3,12:34,14,0,0,0,0,0
31,B6,1/5/22,720,N638JB,JFK,16:49,16:40,131,132,-9,16:54,14,0,0,0,0,0
32,B6,1/5/22,920,N375JB,JFK,7:00,6:58,127,131,-2,7:12,14,0,0,0,0,0
33,B6,1/5/22,2606,N374JB,EWR,18:46,18:44,134,129,-2,18:59,15,0,0,0,0,0
34,B6,1/6/22,396,N3023J,BOS,10:55,10:54,147,125,-1,11:09,15,0,0,0,0,0
35,B6,1/6/22,467,N353JB,FLL,7:30,7:43,110,120,13,7:59,16,13,0,10,0,0
36,B6,1/6/22,520,N623JB,JFK,12:23,12:20,126,113,-3,12:36,16,0,0,0,0,0
37,B6,1/6/22,696,N190JB,BOS,17:38,18:17,151,141,39,18:37,20,7,0,0,0,22
38,B6,1/6/22,720,N586JB,JFK,16:49,17:13,131,132,24,17:27,14,22,0,1,0,2
39,B6,1/6/22,766,N334JB,BOS,5:45,5:35,151,153,-10,6:15,40,0,0,0,0,0
40,B6,1/6/22,920,N648JB,JFK,7:00,6:56,127,130,-4,7:13,17,0,0,0,0,0
41,B6,1/6/22,2606,N374JB,EWR,18:46,18:46,134,117,0,19:02,16,0,0,0,0,0
42,B6,1/7/22,396,N3085J,BOS,10:55,0:00,147,0,0,0:00,0,0,0,0,0,0
43,B6,1/7/22,467,N198JB,FLL,7:30,7:28,110,107,-2,7:42,14,0,0,0,0,0
44,B6,1/7/22,520,N658JB,JFK,12:23,12:14,126,119,-9,12:32,18,0,0,0,0,0
45,B6,1/7/22,696,N368JB,BOS,17:38,20:01,151,137,143,20:14,13,48,0,0,0,81
46,B6,1/7/22,720,N503JB,JFK,16:49,17:54,131,131,65,18:13,19,6,0,0,0,59
47,B6,1/7/22,920,N658JB,JFK,7:00,0:00,127,0,0,0:00,0,0,0,0,0,0
48,B6,1/7/22,2606,N374JB,EWR,18:46,19:41,134,124,55,19:56,15,36,0,0,0,9
49,B6,1/8/22,396,N3062J,BOS,10:55,11:07,147,147,12,11:30,23,0,0,0,0,0
50,B6,1/8/22,467,N307JB,FLL,7:30,7:22,110,103,-8,7:36,14,0,0,0,0,0
51,B6,1/8/22,520,N594JB,JFK,12:23,13:51,126,123,88,14:08,17,42,0,0,0,43
52,B6,1/8/22,720,N793JB,JFK,16:49,17:41,131,130,52,18:03,22,0,0,0,0,51
53,B6,1/8/22,920,N579JB,JFK,7:00,6:58,127,169,-2,7:12,14,0,0,40,0,0
54,B6,1/8/22,2606,N249JB,EWR,18:48,20:07,134,119,79,20:21,14,19,0,0,0,45
55,B6,1/9/22,396,N3058J,BOS,10:55,11:01,147,145,6,11:19,18,0,0,0,0,0
56,B6,1/9/22,467,N294JB,FLL,7:30,7:31,110,107,1,7:43,12,0,0,0,0,0
57,B6,1/9/22,520,N594JB,JFK,12:23,13:13,126,151,50,13:27,14,50,0,25,0,0
58,B6,1/9/22,696,N192JB,BOS,17:38,18:29,151,140,51,18:44,15,40,0,0,0,0
59,B6,1/9/22,720,N649JB,JFK,16:49,17:47,131,191,58,18:03,16,26,0,60,0,32
60,B6,1/9/22,920,N598JB,JFK,7:00,6:53,127,133,-7,7:10,17,0,0,0,0,0
61,B6,1/9/22,2606,N292JB,EWR,18:46,19:07,134,118,21,19:20,13,0,0,0,0,0
62,B6,1/10/22,396,N3085J,BOS,10:55,10:55,147,134,0,11:13,18,0,0,0,0,0
63,B6,1/10/22,467,N187JB,FLL,7:30,7:25,110,102,-5,7:37,12,0,0,0,0,0
64,B6,1/10/22,520,N554JB,JFK,12:23,12:21,126,120,-2,12:39,18,0,0,0,0,0
65,B6,1/10/22,696,N206JB,BOS,17:38,18:30,151,141,52,18:47,17,8,0,0,0,34
66,B6,1/10/22,720,N504JB,JFK,16:49,16:42,131,120,-7,16:56,14,0,0,0,0,0
67,B6,1/10/22,920,N608JB,JFK,7:00,8:09,127,119,69,8:26,17,61,0,0,0,0
68,B6,1/10/22,2606,N292JB,EWR,18:46,18:31,134,131,-15,18:51,20,0,0,0,0,0
69,B6,1/11/22,467,N368JB,FLL,7:30,7:30,110,99,0,7:40,10,0,0,0,0,0
70,B6,1/11/22,520,N597JB,JFK,12:23,12:19,126,137,-4,12:36,17,0,0,0,0,0
71,B6,1/11/22,696,N3065J,BOS,17:42,17:52,151,154,10,18:12,20,0,0,0,0,0
72,B6,1/11/22,720,N640JB,JFK,16:49,17:00,131,127,11,17:15,15,0,0,0,0,0
73,B6,1/11/22,920,N636JB,JFK,7:00,7:40,127,129,40,7:55,15,40,0,2,0,0
74,B6,1/12/22,467,N353JB,FLL,7:30,7:27,110,98,-3,7:40,13,0,0,0,0,0
75,B6,1/12/22,520,N571JB,JFK,12:23,12:12,126,144,-11,12:37,25,0,0,0,0,0
76,B6,1/12/22,696,N179JB,BOS,17:38,17:29,151,143,-9,17:42,13,0,0,0,0,0
77,B6,1/12/22,720,N599JB,JFK,16:49,17:53,131,126,64,18:09,16,12,0,0,0,47
78,B6,1/12/22,920,N607JB,JFK,7:00,6:50,127,131,-10,7:02,12,0,0,0,0,0
79,B6,1/13/22,396,N3065J,BOS,10:55,10:44,147,149,-11,11:02,18,0,0,0,0,0
80,B6,1/13/22,467,N193JB,FLL,7:30,7:26,110,116,-4,7:47,21,0,0,0,0,0
81,B6,1/13/22,520,N571JB,JFK,12:23,12:16,126,129,-7,12:29,13,0,0,0,0,0
82,B6,1/13/22,696,N238JB,BOS,17:38,17:28,151,142,-10,17:39,11,0,0,0,0,0
83,B6,1/13/22,720,N653JB,JFK,16:49,16:40,131,133,-9,17:00,20,0,0,0,0,0
84,B6,1/13/22,920,N618JB,JFK,7:00,6:50,127,131,-10,7:05,15,0,0,0,0,0
85,B6,1/13/22,2606,N187JB,EWR,18:46,18:41,134,136,-5,18:53,12,0,0,0,0,0
86,B6,1/14/22,396,N3044J,BOS,10:55,10:47,147,150,-8,11:03,16,0,0,0,0,0
87,B6,1/14/22,467,N190JB,FLL,7:30,7:24,110,121,-6,7:40,16,0,0,0,0,0
88,B6,1/14/22,520,N659JB,JFK,12:23,12:15,126,132,-8,12:33,18,0,0,0,0,0
89,B6,1/14/22,696,N294JB,BOS,17:38,17:44,151,154,6,18:04,20,0,0,0,0,0
90,B6,1/14/22,720,N598JB,JFK,16:49,17:22,131,120,33,17:32,10,22,0,0,0,0
91,B6,1/14/22,920,N624JB,JFK,7:00,6:58,127,139,-2,7:12,14,0,0,0,0,0
92,B6,1/14/22,1320,N298JB,JFK,21:49,21:34,129,125,-15,21:47,13,0,0,0,0,0
93,B6,1/14/22,2606,N187JB,EWR,18:46,18:42,134,156,-4,18:58,16,0,0,18,0,0
94,B6,1/15/22,396,N3023J,BOS,10:55,10:46,147,133,-9,11:01,15,0,0,0,0,0
95,B6,1/15/22,467,N318JB,FLL,7:30,7:36,110,107,6,7:49,13,0,0,0,0,0
96,B6,1/15/22,520,N834JB,JFK,12:23,12:19,126,129,-4,12:36,17,0,0,0,0,0
97,B6,1/15/22,720,N639JB,JFK,16:49,21:07,131,150,258,21:23,16,44,0,19,0,214
98,B6,1/15/22,920,N592JB,JFK,7:00,7:00,127,149,0,7:27,27,0,0,22,0,0
99,B6,1/15/22,1320,N294JB,JFK,21:49,0:01,129,114,132,0:18,17,1,0,0,0,116
100,B6,1/15/22,2606,N304JB,EWR,18:48,18:42,134,122,-6,18:56,14,0,0,0,0,0
101,B6,1/16/22,396,N306JB,BOS,10:55,12:38,147,209,103,14:04,86,77,0,62,0,26
102,B6,1/16/22,467,N318JB,FLL,7:30,7:28,110,118,-2,7:43,15,0,0,0,0,0
103,B6,1/16/22,520,N552JB,JFK,12:23,12:23,126,193,0,13:45,82,0,0,67,0,0
104,B6,1/16/22,696,N193JB,BOS,17:38,17:43,151,138,5,17:57,14,0,0,0,0,0
105,B6,1/16/22,720,N583JB,JFK,16:49,17:20,131,167,31,18:21,61,5,0,36,0,26
106,B6,1/16/22,920,N805JB,JFK,7:00,7:05,127,119,5,7:23,18,0,0,0,0,0
107,B6,1/16/22,1320,N231JB,JFK,21:49,22:16,129,183,27,22:35,19,12,0,54,0,15
108,B6,1/16/22,2606,N187JB,EWR,18:46,19:03,134,202,17,19:17,14,12,0,68,0,5
109,B6,1/17/22,396,N3077J,BOS,10:55,13:00,147,139,125,13:14,14,29,0,0,0,88
110,B6,1/17/22,467,N309JB,FLL,7:30,7:35,110,121,5,7:50,15,5,0,11,0,0
111,B6,1/17/22,520,N913JB,JFK,12:23,12:40,126,135,17,12:52,12,17,0,9,0,0
112,B6,1/17/22,696,N184JB,BOS,17:38,18:01,151,148,23,18:18,17,3,0,0,0,17
113,B6,1/17/22,720,N806JB,JFK,16:49,17:11,131,149,22,17:23,12,11,0,18,0,11
114,B6,1/17/22,920,N775JB,JFK,7:00,6:59,127,130,-1,7:16,17,0,0,0,0,0
115,B6,1/17/22,1320,N228JB,JFK,21:49,21:54,129,130,5,22:10,16,0,0,0,0,0
116,B6,1/17/22,2606,N187JB,EWR,18:46,20:08,134,126,82,20:24,16,8,0,0,0,66
117,B6,1/18/22,396,N3058J,BOS,10:55,22:27,147,138,692,22:46,19,683,0,0,0,0
118,B6,1/18/22,467,N198JB,FLL,7:30,7:29,110,135,-1,8:05,36,0,0,24,0,0
119,B6,1/18/22,520,N586JB,JFK,12:23,13:13,126,121,50,13:24,11,31,0,0,0,14
120,B6,1/18/22,720,N806JB,JFK,16:49,16:57,131,127,8,17:10,13,0,0,0,0,0
121,B6,1/18/22,920,N635JB,JFK,7:00,7:17,127,148,17,7:58,41,17,0,21,0,0
122,B6,1/18/22,1320,N323JB,JFK,21:49,21:34,129,123,-15,21:49,15,0,0,0,0,0
123,B6,1/19/22,396,N3058J,BOS,10:55,10:48,147,150,-7,11:05,17,0,0,0,0,0
124,B6,1/19/22,467,N307JB,FLL,7:30,7:31,110,126,1,8:06,35,1,0,16,0,0
125,B6,1/19/22,520,N583JB,JFK,12:23,12:15,126,131,-8,12:30,15,0,0,0,0,0
126,B6,1/19/22,720,N635JB,JFK,16:49,16:42,131,139,-7,16:54,12,0,0,0,0,0
127,B6,1/19/22,920,N607JB,JFK,7:00,6:55,127,137,-5,7:15,20,0,0,0,0,0
128,B6,1/19/22,1320,N284JB,JFK,21:49,21:43,129,126,-6,21:58,15,0,0,0,0,0
129,B6,1/20/22,396,N3062J,BOS,10:55,10:58,147,137,3,11:18,20,0,0,0,0,0
130,B6,1/20/22,467,N279JB,FLL,7:30,7:29,110,108,-1,7:47,18,0,0,0,0,0
131,B6,1/20/22,520,N638JB,JFK,12:23,12:13,126,118,-10,12:30,17,0,0,0,0,0
132,B6,1/20/22,696,N374JB,BOS,17:38,17:29,151,140,-9,17:42,13,0,0,0,0,0
133,B6,1/20/22,720,N656JB,JFK,16:49,16:44,131,126,-5,17:02,18,0,0,0,0,0
134,B6,1/20/22,920,N509JB,JFK,7:00,6:53,127,142,-7,7:06,13,0,0,0,0,0
135,B6,1/20/22,1320,N351JB,JFK,21:49,21:41,129,117,-8,21:53,12,0,0,0,0,0
136,B6,1/20/22,2606,N348JB,EWR,18:46,18:34,134,116,-12,18:46,12,0,0,0,0,0
137,B6,1/21/22,396,N229JB,BOS,10:55,16:53,147,127,358,17:10,17,332,0,0,0,6
138,B6,1/21/22,467,N281JB,FLL,7:30,7:28,110,131,-2,8:03,35,0,0,19,0,0
139,B6,1/21/22,520,N659JB,JFK,12:23,12:57,126,113,34,13:14,17,4,0,0,0,17
140,B6,1/21/22,696,N354JB,BOS,17:38,17:42,151,122,4,17:56,14,0,0,0,0,0
141,B6,1/21/22,720,N646JB,JFK,16:49,17:03,131,131,14,17:41,38,0,0,0,0,0
142,B6,1/21/22,920,N554JB,JFK,7:00,7:03,127,149,3,7:16,13,3,0,22,0,0
143,B6,1/21/22,1320,N375JB,JFK,21:49,21:53,129,124,4,22:13,20,0,0,0,0,0
144,B6,1/21/22,2606,N339JB,EWR,18:46,18:45,134,111,-1,18:59,14,0,0,0,0,0
145,B6,1/22/22,396,N3062J,BOS,10:55,12:44,147,133,109,12:58,14,6,0,0,0,89
146,B6,1/22/22,467,N249JB,FLL,7:30,7:22,110,107,-8,7:33,11,0,0,0,0,0
147,B6,1/22/22,520,N703JB,JFK,12:23,12:14,126,123,-9,12:31,17,0,0,0,0,0
148,B6,1/22/22,720,N509JB,JFK,16:49,16:57,131,131,8,17:10,13,0,0,0,0,0
149,B6,1/22/22,920,N789JB,JFK,7:00,6:55,127,122,-5,7:08,13,0,0,0,0,0
150,B6,1/22/22,1320,N239JB,JFK,21:49,21:35,129,137,-14,21:50,15,0,0,0,0,0
151,B6,1/23/22,396,N3065J,BOS,10:55,10:58,147,148,3,11:17,19,0,0,0,0,0
152,B6,1/23/22,467,N307JB,FLL,7:30,7:29,110,130,-1,8:07,38,0,0,19,0,0
153,B6,1/23/22,520,N592JB,JFK,12:23,12:21,126,121,-2,12:42,21,0,0,0,0,0
154,B6,1/23/22,696,N193JB,BOS,17:38,17:56,151,140,18,18:12,16,0,0,0,0,0
155,B6,1/23/22,720,N659JB,JFK,16:49,17:06,131,121,17,17:18,12,0,0,0,0,0
156,B6,1/23/22,920,N606JB,JFK,7:00,6:57,127,130,-3,7:11,14,0,0,0,0,0
157,B6,1/23/22,1320,N329JB,JFK,21:49,21:41,129,159,-8,21:58,17,0,0,22,0,0
158,B6,1/23/22,2606,N258JB,EWR,18:46,18:38,134,140,-8,18:55,17,0,0,0,0,0
159,B6,1/24/22,396,N3077J,BOS,10:55,10:57,147,136,2,11:11,14,0,0,0,0,0
160,B6,1/24/22,467,N373JB,FLL,7:30,7:22,110,130,-8,7:57,35,0,0,0,0,0
161,B6,1/24/22,520,N547JB,JFK,12:23,12:35,126,122,12,12:46,11,0,0,0,0,0
162,B6,1/24/22,696,N279JB,BOS,17:38,17:29,151,144,-9,17:41,12,0,0,0,0,0
163,B6,1/24/22,720,N659JB,JFK,16:49,16:44,131,134,-5,17:05,21,0,0,0,0,0
164,B6,1/24/22,920,N585JB,JFK,7:00,6:56,127,122,-4,7:10,14,0,0,0,0,0
165,B6,1/24/22,1320,N329JB,JFK,21:49,21:42,129,132,-7,21:59,17,0,0,0,0,0
166,B6,1/24/22,2606,N283JB,EWR,18:46,18:46,134,133,0,19:00,14,0,0,0,0,0
167,B6,1/25/22,396,N3044J,BOS,10:55,11:15,147,135,20,11:32,17,0,0,0,0,0
168,B6,1/25/22,467,N318JB,FLL,7:30,7:29,110,104,-1,7:43,14,0,0,0,0,0
169,B6,1/25/22,520,N662JB,JFK,12:23,12:15,126,117,-8,12:30,15,0,0,0,0,0
170,B6,1/25/22,720,N768JB,JFK,16:49,17:11,131,121,22,17:29,18,0,0,0,0,0
171,B6,1/25/22,920,N627JB,JFK,7:00,6:50,127,151,-10,7:27,37,0,0,0,0,0
172,B6,1/25/22,1320,N274JB,JFK,21:49,21:34,129,121,-15,21:52,18,0,0,0,0,0
173,B6,1/26/22,396,N3058J,BOS,10:55,10:45,147,133,-10,11:04,19,0,0,0,0,0
174,B6,1/26/22,467,N247JB,FLL,7:30,7:27,110,110,-3,7:45,18,0,0,0,0,0
175,B6,1/26/22,520,N592JB,JFK,12:23,13:03,126,111,40,13:15,12,0,0,0,0,25
176,B6,1/26/22,720,N648JB,JFK,16:49,16:46,131,119,-3,16:57,11,0,0,0,0,0
177,B6,1/26/22,920,N571JB,JFK,7:00,6:50,127,119,-10,7:05,15,0,0,0,0,0
178,B6,1/26/22,1320,N324JB,JFK,21:49,21:47,129,120,-2,22:01,14,0,0,0,0,0
179,B6,1/27/22,396,N3077J,BOS,10:55,10:45,147,149,-10,11:07,22,0,0,0,0,0
180,B6,1/27/22,467,N228JB,FLL,7:30,7:31,110,132,1,8:11,40,1,0,22,0,0
181,B6,1/27/22,520,N653JB,JFK,12:23,12:17,126,128,-6,12:41,24,0,0,0,0,0
182,B6,1/27/22,696,N328JB,BOS,17:38,17:25,151,159,-13,17:38,13,0,0,0,0,0
183,B6,1/27/22,720,N661JB,JFK,16:49,16:36,131,128,-13,16:57,21,0,0,0,0,0
184,B6,1/27/22,920,N580JB,JFK,7:00,6:50,127,144,-10,7:09,19,0,0,0,0,0
185,B6,1/27/22,1320,N274JB,JFK,21:49,21:45,129,119,-4,21:59,14,0,0,0,0,0
186,B6,1/27/22,2606,N339JB,EWR,18:46,18:48,134,122,2,19:01,13,0,0,0,0,0
187,B6,1/28/22,396,N3085J,BOS,10:55,11:19,147,140,24,11:33,14,11,0,0,0,6
188,B6,1/28/22,467,N273JB,FLL,7:30,7:25,110,111,-5,7:41,16,0,0,0,0,0
189,B6,1/28/22,520,N591JB,JFK,12:23,13:30,126,120,67,13:41,11,15,0,0,0,46
190,B6,1/28/22,696,N198JB,BOS,17:38,0:00,151,0,0,0:00,0,0,0,0,0,0
191,B6,1/28/22,720,N715JB,JFK,16:49,0:00,131,0,0,0:00,0,0,0,0,0,0
192,B6,1/28/22,920,N821JB,JFK,7:00,6:55,127,144,-5,7:09,14,0,0,0,0,0
193,B6,1/28/22,1320,N216JB,JFK,21:49,1:49,129,134,240,2:04,15,153,0,5,0,87
194,B6,1/28/22,2606,N348JB,EWR,18:46,0:00,134,0,0,0:00,0,0,0,0,0,0
195,B6,1/29/22,396,N3023J,BOS,10:55,0:00,147,0,0,0:00,0,0,0,0,0,0
196,B6,1/29/22,467,N187JB,FLL,7:30,12:32,110,97,302,12:45,13,289,0,0,0,0
197,B6,1/29/22,520,N715JB,JFK,12:23,0:00,126,0,0,0:00,0,0,0,0,0,0
198,B6,1/29/22,720,N806JB,JFK,16:49,0:00,131,0,0,0:00,0,0,0,0,0,0
199,B6,1/29/22,920,N599JB,JFK,7:00,0:00,127,0,0,0:00,0,0,0,0,0,0
200,B6,1/29/22,1320,N348JB,JFK,21:49,0:00,129,0,0,0:00,0,0,0,0,0,0
201,B6,1/30/22,396,N3008J,BOS,10:55,0:00,147,0,0,0:00,0,0,0,0,0,0
202,B6,1/30/22,467,N304JB,FLL,7:30,7:52,110,103,22,8:05,13,15,0,0,0,0
203,B6,1/30/22,520,N599JB,JFK,12:23,0:00,126,0,0,0:00,0,0,0,0,0,0
204,B6,1/30/22,696,N629JB,BOS,17:38,22:46,151,141,308,23:05,19,20,0,0,0,278
205,B6,1/30/22,720,N634JB,JFK,16:49,21:38,131,195,289,21:55,17,58,0,64,0,231
206,B6,1/30/22,920,N634JB,JFK,7:00,10:27,127,162,207,10:52,25,207,0,35,0,0
207,B6,1/30/22,1320,N348JB,JFK,21:49,23:08,129,142,79,23:23,15,79,0,13,0,0
208,B6,1/30/22,2606,N281JB,EWR,18:46,21:01,134,187,135,21:15,14,60,0,53,0,75
209,B6,1/31/22,396,N3044J,BOS,10:55,10:48,147,150,-7,11:05,17,0,0,0,0,0
210,B6,1/31/22,467,N266JB,FLL,7:30,8:36,110,102,66,8:54,18,58,0,0,0,0
211,B6,1/31/22,520,N657JB,JFK,12:23,12:20,126,133,-3,12:37,17,0,0,0,0,0
212,B6,1/31/22,696,N279JB,BOS,17:38,18:40,151,152,62,18:56,16,15,0,1,0,47
213,B6,1/31/22,720,N834JB,JFK,16:49,0:00,131,0,0,0:00,0,0,0,0,0,0
214,B6,1/31/22,920,N806JB,JFK,7:00,7:53,127,157,53,8:09,16,53,0,30,0,0
215,B6,1/31/22,1320,N329JB,JFK,21:49,22:46,129,140,57,23:02,16,17,0,11,0,40
216,B6,1/31/22,2606,N238JB,EWR,18:46,18:58,134,133,12,19:15,17,0,0,0,0,0
217,B6,2/1/22,396,N3065J,BOS,10:55,11:33,147,146,38,11:51,18,37,0,0,0,0
218,B6,2/1/22,467,N231JB,FLL,7:30,16:13,111,98,523,16:24,11,35,0,0,0,475
219,B6,2/1/22,520,N827JB,JFK,12:23,12:19,126,125,-4,12:37,18,0,0,0,0,0
220,B6,2/1/22,720,N547JB,JFK,16:49,17:01,131,127,12,17:15,14,0,0,0,0,0
221,B6,2/1/22,920,N657JB,JFK,7:00,6:59,127,125,-1,7:15,16,0,0,0,0,0
222,B6,2/1/22,1320,N316JB,JFK,21:49,21:34,129,122,-15,21:49,15,0,0,0,0,0
223,B6,2/2/22,396,N3008J,BOS,10:55,12:23,147,139,88,12:38,15,80,0,0,0,0
224,B6,2/2/22,467,N317JB,FLL,7:30,7:36,111,102,6,7:50,14,0,0,0,0,0
225,B6,2/2/22,520,N606JB,JFK,12:23,12:16,126,126,-7,12:36,20,0,0,0,0,0
226,B6,2/2/22,720,N828JB,JFK,16:49,16:43,131,151,-6,16:57,14,0,0,0,0,0
227,B6,2/2/22,920,N590JB,JFK,7:00,6:52,127,125,-8,7:04,12,0,0,0,0,0
228,B6,2/2/22,1320,N267JB,JFK,21:49,1:31,129,128,222,1:48,17,7,0,0,0,214
229,B6,2/3/22,396,N3085J,BOS,10:55,11:01,147,138,6,11:17,16,0,0,0,0,0
230,B6,2/3/22,467,N339JB,FLL,7:30,7:30,111,114,0,7:52,22,0,0,0,0,0
231,B6,2/3/22,520,N606JB,JFK,12:23,12:14,126,124,-9,12:31,17,0,0,0,0,0
232,B6,2/3/22,720,N568JB,JFK,16:49,16:47,131,155,-2,17:05,18,0,0,22,0,0
233,B6,2/3/22,920,N563JB,JFK,7:00,6:54,127,132,-6,7:08,14,0,0,0,0,0
234,B6,2/3/22,1320,N183JB,JFK,21:49,0:00,129,0,0,0:00,0,0,0,0,0,0
235,B6,2/3/22,2606,N298JB,EWR,18:46,18:39,134,125,-7,18:52,13,0,0,0,0,0
236,B6,2/4/22,396,N3044J,BOS,10:55,0:00,147,0,0,0:00,0,0,0,0,0,0
237,B6,2/4/22,467,N183JB,FLL,7:30,7:27,111,116,-3,7:40,13,0,0,0,0,0
238,B6,2/4/22,520,N794JB,JFK,12:23,0:00,126,0,0,0:00,0,0,0,0,0,0
239,B6,2/4/22,720,N588JB,JFK,16:49,16:59,131,125,10,17:20,21,0,0,0,0,0
240,B6,2/4/22,920,N607JB,JFK,7:00,7:08,127,131,8,7:23,15,0,0,0,0,0
241,B6,2/4/22,1320,N231JB,JFK,21:49,22:58,129,110,69,23:10,12,4,0,0,0,46
242,B6,2/4/22,2606,N279JB,EWR,18:46,0:00,134,0,0,0:00,0,0,0,0,0,0
243,B6,2/5/22,396,N3008J,BOS,10:55,11:11,147,159,16,11:27,16,6,0,12,0,10
244,B6,2/5/22,467,N187JB,FLL,7:30,7:31,111,111,1,7:45,14,0,0,0,0,0
245,B6,2/5/22,520,N653JB,JFK,12:23,12:56,126,133,33,13:10,14,33,0,7,0,0
246,B6,2/5/22,720,N779JB,JFK,16:49,17:37,131,185,48,17:51,14,48,0,54,0,0
247,B6,2/5/22,920,N565JB,JFK,7:00,6:57,127,114,-3,7:14,17,0,0,0,0,0
248,B6,2/5/22,1320,N306JB,JFK,21:49,22:48,129,127,59,23:01,13,0,0,4,0,53
249,B6,2/6/22,396,N3023J,BOS,10:55,11:06,147,141,11,11:19,13,0,0,0,0,0
250,B6,2/6/22,467,N304JB,FLL,7:30,7:27,111,161,-3,7:38,11,0,0,47,0,0
251,B6,2/6/22,520,N985JT,JFK,12:23,12:23,126,120,0,12:39,16,0,0,0,0,0
252,B6,2/6/22,720,N636JB,JFK,16:49,17:48,131,145,59,18:07,19,0,0,14,0,59
253,B6,2/6/22,920,N729JB,JFK,7:00,6:59,127,119,-1,7:11,12,0,0,0,0,0
254,B6,2/6/22,1320,N354JB,JFK,21:49,0:00,129,0,0,0:00,0,0,0,0,0,0
255,B6,2/6/22,2606,N834JB,EWR,18:50,18:43,134,167,-7,19:02,19,0,0,26,0,0
256,B6,2/7/22,396,N3008J,BOS,10:55,10:52,147,142,-3,11:05,13,0,0,0,0,0
257,B6,2/7/22,467,N304JB,FLL,7:30,8:04,111,103,34,8:19,15,0,26,0,0,0
258,B6,2/7/22,520,N216JB,JFK,12:23,12:14,126,116,-9,12:26,12,0,0,0,0,0
259,B6,2/7/22,720,N535JB,JFK,16:49,16:59,131,115,10,17:16,17,0,0,0,0,0
260,B6,2/7/22,920,N793JB,JFK,7:00,6:56,127,114,-4,7:09,13,0,0,0,0,0
261,B6,2/7/22,1320,N318JB,JFK,21:49,0:09,129,119,140,0:24,15,26,0,0,0,104
262,B6,2/7/22,2606,N645JB,EWR,18:50,18:41,134,157,-9,18:53,12,0,0,0,0,0
263,B6,2/8/22,396,N3023J,BOS,10:55,10:47,147,151,-8,11:02,15,0,0,0,0,0
264,B6,2/8/22,467,N355JB,FLL,7:30,7:29,111,108,-1,7:43,14,0,0,0,0,0
265,B6,2/8/22,520,N662JB,JFK,12:23,12:14,126,115,-9,12:30,16,0,0,0,0,0
266,B6,2/8/22,720,N768JB,JFK,16:49,16:46,131,135,-3,17:04,18,0,0,0,0,0
267,B6,2/8/22,920,N607JB,JFK,7:00,6:51,127,132,-9,7:04,13,0,0,0,0,0
268,B6,2/8/22,1320,N266JB,JFK,21:49,21:40,129,119,-9,21:51,11,0,0,0,0,0
269,B6,2/9/22,396,N3044J,BOS,10:55,10:46,147,126,-9,10:59,13,0,0,0,0,0
270,B6,2/9/22,467,N358JB,FLL,7:30,7:27,111,123,-3,7:55,28,0,0,0,0,0
271,B6,2/9/22,520,N592JB,JFK,12:23,12:41,126,132,18,13:00,19,0,0,6,0,18
272,B6,2/9/22,720,N247JB,JFK,16:49,16:44,131,117,-5,16:55,11,0,0,0,0,0
273,B6,2/9/22,920,N569JB,JFK,7:00,6:50,127,124,-10,7:04,14,0,0,0,0,0
274,B6,2/9/22,1320,N279JB,JFK,21:49,22:10,129,110,21,22:24,14,0,0,0,0,0
275,B6,2/10/22,396,N608JB,BOS,10:55,10:53,147,140,-2,11:04,11,0,0,0,0,0
276,B6,2/10/22,467,N346JB,FLL,7:30,7:33,111,118,3,7:53,20,0,0,0,0,0
277,B6,2/10/22,520,N644JB,JFK,12:23,12:14,126,111,-9,12:26,12,0,0,0,0,0
278,B6,2/10/22,720,N198JB,JFK,16:47,16:40,131,119,-7,16:53,13,0,0,0,0,0
279,B6,2/10/22,920,N643JB,JFK,7:00,6:53,127,131,-7,7:06,13,0,0,0,0,0
280,B6,2/10/22,1320,N306JB,JFK,21:49,21:47,129,106,-2,21:57,10,0,0,0,0,0
281,B6,2/10/22,2606,N630JB,EWR,18:50,18:35,134,117,-15,18:48,13,0,0,0,0,0
282,B6,2/11/22,396,N3023J,BOS,10:55,10:51,147,136,-4,11:03,12,0,0,0,0,0
283,B6,2/11/22,467,N265JB,FLL,7:30,7:26,111,112,-4,7:42,16,0,0,0,0,0
284,B6,2/11/22,520,N827JB,JFK,12:23,12:35,126,119,12,12:51,16,0,0,0,0,0
285,B6,2/11/22,720,N624JB,JFK,16:49,16:48,131,121,-1,17:04,16,0,0,0,0,0
286,B6,2/11/22,920,N603JB,JFK,7:23,7:15,127,125,-8,7:33,18,0,0,0,0,0
287,B6,2/11/22,1320,N266JB,JFK,21:49,21:45,129,123,-4,22:00,15,0,0,0,0,0
288,B6,2/11/22,2606,N594JB,EWR,18:50,18:40,134,130,-10,19:01,21,0,0,0,0,0
289,B6,2/12/22,396,N3058J,BOS,10:55,10:51,147,139,-4,11:05,14,0,0,0,0,0
290,B6,2/12/22,467,N279JB,FLL,7:30,7:26,111,104,-4,7:37,11,0,0,0,0,0
291,B6,2/12/22,520,N663JB,JFK,12:23,12:22,126,125,-1,12:36,14,0,0,0,0,0
292,B6,2/12/22,720,N746JB,JFK,16:49,17:09,131,114,20,17:20,11,0,0,0,0,0
293,B6,2/12/22,920,N570JB,JFK,7:00,6:58,127,136,-2,7:10,12,0,0,0,0,0
294,B6,2/12/22,1320,N306JB,JFK,21:49,21:46,129,111,-3,21:57,11,0,0,0,0,0
295,B6,2/13/22,396,N3085J,BOS,10:55,11:11,147,126,16,11:28,17,0,0,0,0,0
296,B6,2/13/22,467,N784JB,FLL,7:30,9:53,111,134,143,10:16,23,143,0,23,0,0
297,B6,2/13/22,520,N638JB,JFK,12:23,13:48,126,110,85,14:01,13,5,0,0,0,64
298,B6,2/13/22,720,N775JB,JFK,16:49,21:19,131,117,270,21:35,16,140,0,0,0,116
299,B6,2/13/22,920,N663JB,JFK,7:00,6:52,127,143,-8,7:04,12,0,0,0,0,0
300,B6,2/13/22,1320,N306JB,JFK,21:49,22:51,129,119,62,23:07,16,13,0,0,0,39
301,B6,2/13/22,2606,N796JB,EWR,18:50,1:30,134,114,400,1:40,10,367,0,0,0,13
302,B6,2/14/22,396,N3065J,BOS,10:55,10:57,147,162,2,11:12,15,2,0,15,0,0
303,B6,2/14/22,467,N353JB,FLL,7:30,7:28,111,108,-2,7:40,12,0,0,0,0,0
304,B6,2/14/22,520,N586JB,JFK,12:08,12:22,126,129,14,12:40,18,11,0,3,0,3
305,B6,2/14/22,720,N585JB,JFK,16:49,17:04,131,124,15,17:22,18,0,0,0,0,0
306,B6,2/14/22,920,N565JB,JFK,7:00,0:00,127,0,0,0:00,0,0,0,0,0,0
307,B6,2/14/22,1320,N228JB,JFK,21:49,21:41,129,113,-8,21:51,10,0,0,0,0,0
308,B6,2/14/22,2606,N615JB,EWR,18:50,18:42,134,137,-8,19:16,34,0,0,0,0,0
309,B6,2/15/22,396,N3044J,BOS,10:55,10:49,147,138,-6,11:03,14,0,0,0,0,0
310,B6,2/15/22,467,N346JB,FLL,7:30,7:29,111,106,-1,7:43,14,0,0,0,0,0
311,B6,2/15/22,520,N661JB,JFK,12:23,12:19,126,128,-4,12:34,15,0,0,0,0,0
312,B6,2/15/22,720,N659JB,JFK,16:49,16:41,131,129,-8,16:55,14,0,0,0,0,0
313,B6,2/15/22,920,N809JB,JFK,7:00,7:47,127,128,47,8:03,16,47,0,1,0,0
314,B6,2/15/22,1320,N337JB,JFK,21:49,21:41,129,125,-8,21:54,13,0,0,0,0,0
315,B6,2/16/22,396,N3085J,BOS,10:55,10:57,147,152,2,11:14,17,0,0,0,0,0
316,B6,2/16/22,467,N236JB,FLL,7:30,7:25,111,102,-5,7:41,16,0,0,0,0,0
317,B6,2/16/22,696,N216JB,BOS,17:38,17:31,151,135,-7,17:43,12,0,0,0,0,0
318,B6,2/16/22,720,N294JB,JFK,16:49,16:42,131,122,-7,16:55,13,0,0,0,0,0
319,B6,2/16/22,920,N552JB,JFK,7:00,6:51,127,135,-9,7:14,23,0,0,0,0,0
320,B6,2/16/22,1320,N306JB,JFK,21:49,21:46,129,123,-3,21:57,11,0,0,0,0,0
321,B6,2/17/22,296,N552JB,BOS,5:30,5:39,148,140,9,5:55,16,0,0,0,0,0
322,B6,2/17/22,467,N375JB,FLL,7:00,7:01,112,101,1,7:14,13,0,0,0,0,0
323,B6,2/17/22,520,N983JT,JFK,8:59,8:51,128,126,-8,9:12,21,0,0,0,0,0
324,B6,2/17/22,696,N339JB,BOS,17:27,17:25,151,153,-2,17:38,13,0,0,0,0,0
325,B6,2/17/22,1320,N216JB,JFK,19:05,22:16,132,142,191,22:36,20,0,0,80,0,121
326,B6,2/17/22,2506,N296JB,EWR,13:45,14:11,126,139,26,14:44,33,0,0,39,0,0
327,B6,2/18/22,296,N3062J,BOS,6:30,6:23,146,144,-7,6:38,15,0,0,0,0,0
328,B6,2/18/22,467,N373JB,FLL,7:00,6:57,112,101,-3,7:10,13,0,0,0,0,0
329,B6,2/18/22,520,N643JB,JFK,8:59,8:57,128,112,-2,9:13,16,0,0,0,0,0
330,B6,2/18/22,696,N267JB,BOS,17:27,17:52,151,126,25,18:07,15,0,0,0,0,0
331,B6,2/18/22,1320,N238JB,JFK,19:05,19:06,132,119,1,19:21,15,0,0,0,0,0
332,B6,2/18/22,2506,N354JB,EWR,13:45,14:36,126,138,51,15:12,36,12,0,12,0,39
333,B6,2/19/22,296,N3085J,BOS,6:30,6:32,146,134,2,6:45,13,0,0,0,0,0
334,B6,2/19/22,467,N375JB,FLL,6:25,6:23,112,111,-2,6:38,15,0,0,0,0,0
335,B6,2/19/22,520,N807JB,JFK,8:59,8:57,128,119,-2,9:13,16,0,0,0,0,0
336,B6,2/19/22,696,N3008J,BOS,20:32,20:18,145,158,-14,20:31,13,0,0,0,0,0
337,B6,2/19/22,1320,N353JB,JFK,19:05,19:23,132,143,18,19:43,20,13,0,11,0,5
338,B6,2/19/22,2506,N368JB,EWR,13:45,13:35,126,137,-10,13:45,10,0,0,0,0,0
339,B6,2/20/22,296,N3044J,BOS,6:30,6:26,146,142,-4,6:39,13,0,0,0,0,0
340,B6,2/20/22,396,N3062J,BOS,10:55,12:08,147,147,73,12:28,20,62,0,0,0,11
341,B6,2/20/22,467,N334JB,FLL,7:00,7:00,112,94,0,7:11,11,0,0,0,0,0
342,B6,2/20/22,520,N709JB,JFK,8:59,9:24,128,119,25,9:36,12,12,0,0,0,4
343,B6,2/20/22,696,N648JB,BOS,19:23,22:13,147,139,170,22:24,11,5,0,0,0,157
344,B6,2/20/22,1320,N318JB,JFK,19:05,19:27,132,129,22,19:41,14,19,0,0,0,0
345,B6,2/20/22,2506,N368JB,EWR,13:45,13:41,126,131,-4,13:59,18,0,0,0,0,0
346,B6,2/21/22,296,N3023J,BOS,6:30,6:27,146,144,-3,6:42,15,0,0,0,0,0
347,B6,2/21/22,396,N3044J,BOS,10:55,10:48,147,144,-7,11:06,18,0,0,0,0,0
348,B6,2/21/22,467,N283JB,FLL,7:00,6:58,112,98,-2,7:11,13,0,0,0,0,0
349,B6,2/21/22,520,N562JB,JFK,8:52,9:26,128,126,34,9:41,15,26,0,0,0,6
350,B6,2/21/22,696,N239JB,BOS,17:27,17:44,151,147,17,18:06,22,0,0,0,0,0
351,B6,2/21/22,1320,N298JB,JFK,19:05,20:32,132,119,87,20:46,14,61,0,0,0,13
352,B6,2/21/22,2506,N317JB,EWR,13:45,13:42,126,124,-3,13:58,16,0,0,0,0,0
353,B6,2/22/22,296,N3008J,BOS,6:30,6:36,146,141,6,6:55,19,0,0,0,0,0
354,B6,2/22/22,467,N309JB,FLL,7:00,7:08,112,103,8,7:25,17,0,0,0,0,0
355,B6,2/22/22,520,N643JB,JFK,9:22,9:20,128,134,-2,9:39,19,0,0,0,0,0
356,B6,2/22/22,696,N316JB,BOS,17:15,17:05,151,165,-10,17:20,15,0,0,0,0,0
357,B6,2/22/22,1320,N298JB,JFK,19:05,20:43,132,144,98,21:08,25,0,0,101,0,9
358,B6,2/22/22,2506,N296JB,EWR,13:45,14:45,126,180,60,15:01,16,0,0,69,0,45
359,B6,2/23/22,296,N3065J,BOS,6:30,6:29,146,153,-1,6:47,18,0,0,0,0,0
360,B6,2/23/22,467,N281JB,FLL,7:00,7:09,112,103,9,7:22,13,0,0,0,0,0
361,B6,2/23/22,520,N590JB,JFK,8:59,9:10,128,127,11,9:26,16,0,0,0,0,0
362,B6,2/23/22,696,N3077J,BOS,15:58,16:02,155,143,4,16:18,16,0,0,0,0,0
363,B6,2/23/22,1320,N216JB,JFK,19:05,19:12,132,124,7,19:25,13,0,0,0,0,0
364,B6,2/23/22,2506,N267JB,EWR,13:45,13:53,126,122,8,14:06,13,0,0,0,0,0
365,B6,2/24/22,296,N3044J,BOS,6:30,6:21,146,128,-9,6:34,13,0,0,0,0,0
366,B6,2/24/22,396,N794JB,BOS,10:55,10:55,147,133,0,11:12,17,0,0,0,0,0
367,B6,2/24/22,467,N328JB,FLL,7:00,7:00,112,123,0,7:13,13,0,0,0,0,0
368,B6,2/24/22,520,N789JB,JFK,8:59,8:54,128,116,-5,9:06,12,0,0,0,0,0
369,B6,2/24/22,696,N339JB,BOS,17:27,17:48,151,159,21,18:07,19,16,0,8,0,5
370,B6,2/24/22,1320,N239JB,JFK,19:05,19:36,132,127,31,19:50,14,21,0,0,0,5
371,B6,2/24/22,2506,N283JB,EWR,13:45,14:27,126,122,42,14:47,20,10,0,0,0,28
372,B6,2/25/22,296,N3077J,BOS,6:30,0:00,146,0,0,0:00,0,0,0,0,0,0
373,B6,2/25/22,396,N3077J,BOS,10:55,11:18,147,142,23,11:33,15,18,0,0,0,0
374,B6,2/25/22,467,N238JB,FLL,7:00,6:54,112,101,-6,7:07,13,0,0,0,0,0
375,B6,2/25/22,520,N589JB,JFK,8:59,9:30,128,118,31,9:45,15,2,0,0,0,19
376,B6,2/25/22,696,N236JB,BOS,17:27,20:46,151,156,199,21:10,24,179,0,5,0,20
377,B6,2/25/22,1320,N355JB,JFK,19:05,19:25,132,122,20,19:42,17,0,0,0,0,0
378,B6,2/25/22,2506,N358JB,EWR,13:45,14:02,126,141,17,14:16,14,15,0,15,0,2
379,B6,2/26/22,296,N3044J,BOS,6:30,6:35,146,138,5,6:49,14,0,0,0,0,0
380,B6,2/26/22,467,N337JB,FLL,6:25,6:22,112,104,-3,6:36,14,0,0,0,0,0
381,B6,2/26/22,520,N608JB,JFK,8:59,9:02,128,115,3,9:16,14,0,0,0,0,0
382,B6,2/26/22,696,N3062J,BOS,20:32,23:01,145,131,149,23:18,17,22,0,0,0,113
383,B6,2/26/22,1320,N323JB,JFK,19:05,0:00,132,0,0,0:00,0,0,0,0,0,0
384,B6,2/26/22,2506,N309JB,EWR,13:45,15:52,126,123,127,16:07,15,21,0,0,0,103
385,B6,2/27/22,296,N3023J,BOS,6:30,6:28,146,135,-2,6:43,15,0,0,0,0,0
386,B6,2/27/22,396,N3062J,BOS,10:55,11:01,147,137,6,11:17,16,0,0,0,0,0
387,B6,2/27/22,467,N328JB,FLL,7:00,0:00,112,0,0,0:00,0,0,0,0,0,0
388,B6,2/27/22,520,N531JL,JFK,8:59,9:10,128,110,11,9:23,13,0,0,0,0,0
389,B6,2/27/22,696,N3058J,BOS,19:23,20:19,147,160,56,20:31,12,25,0,13,0,31
390,B6,2/27/22,1320,N324JB,JFK,19:05,21:12,132,123,127,21:31,19,16,0,0,0,102
391,B6,2/27/22,2506,N247JB,EWR,13:45,14:16,126,127,31,14:28,12,31,0,1,0,0
392,B6,2/28/22,296,N3044J,BOS,6:30,6:31,146,142,1,6:43,12,0,0,0,0,0
393,B6,2/28/22,396,N3062J,BOS,10:55,10:44,147,141,-11,10:59,15,0,0,0,0,0
394,B6,2/28/22,467,N304JB,FLL,7:00,9:02,112,108,122,9:17,15,118,0,0,0,0
395,B6,2/28/22,520,N653JB,JFK,8:59,9:38,128,128,39,9:54,16,0,0,0,0,39
396,B6,2/28/22,696,N307JB,BOS,17:27,17:19,151,151,-8,17:37,18,0,0,0,0,0
397,B6,2/28/22,1320,N353JB,JFK,19:05,19:01,132,120,-4,19:12,11,0,0,0,0,0
398,B6,2/28/22,2506,N265JB,EWR,13:45,14:17,126,118,32,14:28,11,10,0,0,0,14
399,B6,3/1/22,296,N3065J,BOS,6:30,6:39,146,145,9,6:53,14,0,0,0,0,0
400,B6,3/1/22,467,N318JB,FLL,7:00,7:10,112,122,10,7:35,25,10,0,10,0,0
401,B6,3/1/22,520,N510JB,JFK,8:59,8:58,128,123,-1,9:10,12,0,0,0,0,0
402,B6,3/1/22,696,N3044J,BOS,17:53,17:47,150,160,-6,18:02,15,0,0,0,0,0
403,B6,3/1/22,1320,N294JB,JFK,19:05,18:58,132,125,-7,19:13,15,0,0,0,0,0
404,B6,3/1/22,2506,N265JB,EWR,13:45,14:37,126,133,52,14:52,15,22,0,7,0,30
405,B6,3/2/22,520,N804JB,JFK,8:59,8:54,128,124,-5,9:09,15,0,0,0,0,0
406,B6,3/2/22,696,N3023J,BOS,17:53,17:53,150,165,0,18:12,19,0,0,15,0,0
407,B6,3/2/22,1320,N328JB,JFK,19:05,18:59,132,136,-6,19:16,17,0,0,0,0,0
408,B6,3/2/22,2506,N358JB,EWR,13:45,14:42,126,126,57,14:55,13,57,0,0,0,0
409,B6,3/3/22,396,N3062J,BOS,10:55,10:54,147,139,-1,11:06,12,0,0,0,0,0
410,B6,3/3/22,467,N229JB,FLL,7:00,6:52,112,99,-8,7:05,13,0,0,0,0,0
411,B6,3/3/22,520,N766JB,JFK,8:59,8:50,128,126,-9,9:06,16,0,0,0,0,0
412,B6,3/3/22,696,N3023J,BOS,17:53,17:46,150,155,-7,18:10,24,0,0,0,0,0
413,B6,3/3/22,1320,N198JB,JFK,19:05,18:58,132,135,-7,19:16,18,0,0,0,0,0
414,B6,3/3/22,2506,N337JB,EWR,13:45,13:44,126,140,-1,14:14,30,0,0,0,0,0
415,B6,3/4/22,396,N3023J,BOS,10:55,10:45,147,153,-10,10:57,12,0,0,0,0,0
416,B6,3/4/22,467,N228JB,FLL,7:00,7:07,112,96,7,7:19,12,0,0,0,0,0
417,B6,3/4/22,520,N636JB,JFK,8:59,8:55,128,121,-4,9:08,13,0,0,0,0,0
418,B6,3/4/22,696,N3058J,BOS,17:53,18:00,150,160,7,18:13,13,7,0,10,0,0
419,B6,3/4/22,1320,N358JB,JFK,19:05,19:11,132,138,6,19:29,18,0,0,0,0,0
420,B6,3/4/22,2506,N318JB,EWR,13:45,13:42,126,128,-3,13:57,15,0,0,0,0,0
421,B6,3/5/22,467,N193JB,FLL,6:25,6:15,112,103,-10,6:29,14,0,0,0,0,0
422,B6,3/5/22,520,N653JB,JFK,8:59,8:58,128,119,-1,9:15,17,0,0,0,0,0
423,B6,3/5/22,696,N3085J,BOS,10:55,10:53,147,149,-2,11:07,14,0,0,0,0,0
424,B6,3/5/22,1320,N328JB,JFK,19:05,21:28,132,121,143,21:41,13,53,0,0,0,79
425,B6,3/5/22,2506,N337JB,EWR,13:45,13:37,126,121,-8,13:50,13,0,0,0,0,0
426,B6,3/6/22,396,N3085J,BOS,10:56,10:47,148,144,-9,11:00,13,0,0,0,0,0
427,B6,3/6/22,467,N193JB,FLL,6:25,6:33,114,111,8,6:54,21,0,0,0,0,0
428,B6,3/6/22,520,N983JT,JFK,8:52,8:47,130,126,-5,8:59,12,0,0,0,0,0
429,B6,3/6/22,696,N3044J,BOS,17:53,18:00,151,159,7,18:18,18,7,0,8,0,0
430,B6,3/6/22,1320,N292JB,JFK,19:02,19:15,134,136,13,19:26,11,13,0,2,0,0
431,B6,3/6/22,2506,N337JB,EWR,13:45,13:40,128,156,-5,14:23,43,0,0,23,0,0
432,B6,3/7/22,396,N3008J,BOS,10:56,10:47,148,137,-9,11:02,15,0,0,0,0,0
433,B6,3/7/22,467,N318JB,FLL,6:25,6:23,114,102,-2,6:38,15,0,0,0,0,0
434,B6,3/7/22,520,N547JB,JFK,8:52,8:44,130,122,-8,8:57,13,0,0,0,0,0
435,B6,3/7/22,696,N3085J,BOS,17:53,17:50,151,150,-3,18:07,17,0,0,0,0,0
436,B6,3/7/22,1320,N294JB,JFK,19:02,19:01,134,128,-1,19:13,12,0,0,0,0,0
437,B6,3/7/22,2506,N258JB,EWR,13:45,13:40,128,123,-5,13:52,12,0,0,0,0,0
438,B6,3/8/22,520,N834JB,JFK,8:52,8:41,130,112,-11,8:53,12,0,0,0,0,0
439,B6,3/8/22,696,N3062J,BOS,17:53,17:52,151,134,-1,18:06,14,0,0,0,0,0
440,B6,3/8/22,1320,N198JB,JFK,19:02,19:13,134,122,11,19:29,16,0,0,0,0,0
441,B6,3/8/22,2506,N523JB,EWR,13:45,16:41,128,127,176,17:01,20,0,0,0,0,175
442,B6,3/9/22,520,N789JB,JFK,8:52,8:57,130,118,5,9:15,18,0,0,0,0,0
443,B6,3/9/22,696,N3023J,BOS,17:53,17:50,151,136,-3,18:05,15,0,0,0,0,0
444,B6,3/9/22,1320,N281JB,JFK,19:02,19:38,134,124,36,19:54,16,2,0,0,0,24
445,B6,3/9/22,2506,N258JB,EWR,13:45,14:26,128,138,41,14:55,29,0,0,51,0,0
446,B6,3/10/22,396,N3085J,BOS,10:56,11:35,148,131,39,11:49,14,4,0,0,0,18
447,B6,3/10/22,467,N178JB,FLL,6:25,6:20,114,121,-5,6:48,28,0,0,0,0,0
448,B6,3/10/22,520,N653JB,JFK,8:52,8:48,130,108,-4,9:01,13,0,0,0,0,0
449,B6,3/10/22,696,N3023J,BOS,17:53,17:46,151,137,-7,18:02,16,0,0,0,0,0
450,B6,3/10/22,1320,N206JB,JFK,19:02,20:01,134,133,59,20:18,17,12,0,0,0,46
451,B6,3/10/22,2506,N197JB,EWR,13:45,14:51,128,114,66,15:05,14,8,0,0,0,44
452,B6,3/11/22,396,N3023J,BOS,10:56,11:24,148,129,28,11:42,18,0,0,0,0,0
453,B6,3/11/22,467,N266JB,FLL,6:25,6:21,114,101,-4,6:35,14,0,0,0,0,0
454,B6,3/11/22,520,N588JB,JFK,8:52,8:49,130,114,-3,9:05,16,0,0,0,0,0
455,B6,3/11/22,696,N3085J,BOS,17:53,18:03,151,144,10,18:15,12,0,0,0,0,0
456,B6,3/11/22,1320,N294JB,JFK,19:02,19:49,134,128,47,20:00,11,18,0,0,0,23
457,B6,3/11/22,2506,N197JB,EWR,13:45,14:16,128,118,31,14:31,15,21,0,0,0,0
458,B6,3/12/22,467,N249JB,FLL,6:25,6:30,114,120,5,6:43,13,0,0,0,0,0
459,B6,3/12/22,520,N640JB,JFK,8:52,8:58,130,170,6,9:25,27,6,0,40,0,0
460,B6,3/12/22,696,N3023J,BOS,10:56,11:03,148,136,7,11:19,16,0,0,0,0,0
461,B6,3/12/22,1320,N281JB,JFK,19:02,19:11,134,133,9,19:26,15,0,0,0,0,0
462,B6,3/12/22,2506,N265JB,EWR,13:45,15:25,128,122,100,15:36,11,20,0,0,0,74
463,B6,3/13/22,396,N3008J,BOS,10:56,10:51,148,148,-5,11:03,12,0,0,0,0,0
464,B6,3/13/22,467,N375JB,FLL,6:25,6:25,114,104,0,6:38,13,0,0,0,0,0
465,B6,3/13/22,520,N599JB,JFK,8:52,8:59,130,122,7,9:13,14,0,0,0,0,0
466,B6,3/13/22,696,N3008J,BOS,18:07,18:19,151,156,12,18:32,13,12,0,5,0,0
467,B6,3/13/22,1320,N298JB,JFK,19:02,0:00,134,0,0,0:00,0,0,0,0,0,0
468,B6,3/13/22,2506,N192JB,EWR,13:45,0:00,128,0,0,0:00,0,0,0,0,0,0
469,B6,3/14/22,396,N3023J,BOS,10:56,10:48,148,140,-8,11:02,14,0,0,0,0,0
470,B6,3/14/22,467,N283JB,FLL,6:25,0:00,114,0,0,0:00,0,0,0,0,0,0
471,B6,3/14/22,520,N775JB,JFK,8:52,8:59,130,120,7,9:13,14,0,0,0,0,0
472,B6,3/14/22,696,N520JB,BOS,17:53,17:59,151,141,6,18:12,13,0,0,0,0,0
473,B6,3/14/22,1320,N238JB,JFK,19:02,0:28,134,110,326,0:41,13,302,0,0,0,0
474,B6,3/14/22,2506,N283JB,EWR,13:45,19:05,128,123,320,19:18,13,315,0,0,0,0
475,B6,3/15/22,520,N709JB,JFK,8:52,8:49,130,129,-3,9:04,15,0,0,0,0,0
476,B6,3/15/22,696,N3058J,BOS,17:53,18:17,151,145,24,18:34,17,9,0,0,0,9
477,B6,3/15/22,1320,N284JB,JFK,19:02,19:04,134,118,2,19:19,15,0,0,0,0,0
478,B6,3/15/22,2506,N337JB,EWR,13:45,13:36,128,132,-9,13:54,18,0,0,0,0,0
479,B6,3/16/22,520,N587JB,JFK,8:52,8:47,130,117,-5,9:01,14,0,0,0,0,0
480,B6,3/16/22,696,N3044J,BOS,17:53,22:20,151,133,267,22:33,13,41,0,0,0,208
481,B6,3/16/22,1320,N354JB,JFK,19:02,21:34,134,127,152,21:48,14,145,0,0,0,0
482,B6,3/16/22,2506,N216JB,EWR,13:45,13:36,128,127,-9,13:47,11,0,0,0,0,0
483,B6,3/17/22,396,N3044J,BOS,10:56,13:19,148,152,143,13:49,30,52,0,4,0,91
484,B6,3/17/22,467,N283JB,FLL,6:25,0:00,114,0,0,0:00,0,0,0,0,0,0
485,B6,3/17/22,520,N651JB,JFK,8:52,8:43,130,122,-9,9:01,18,0,0,0,0,0
486,B6,3/17/22,696,N3085J,BOS,17:53,17:55,151,144,2,18:08,13,0,0,0,0,0
487,B6,3/17/22,1320,N334JB,JFK,19:02,18:59,134,133,-3,19:15,16,0,0,0,0,0
488,B6,3/17/22,2506,N329JB,EWR,13:45,13:53,128,130,8,14:13,20,0,0,0,0,0
489,B6,3/18/22,396,N3044J,BOS,10:56,12:04,148,196,68,12:43,39,0,68,48,0,0
490,B6,3/18/22,467,N306JB,FLL,6:25,6:23,114,102,-2,6:37,14,0,0,0,0,0
491,B6,3/18/22,520,N558JB,JFK,8:52,10:04,130,137,72,10:31,27,72,0,7,0,0
492,B6,3/18/22,696,N3008J,BOS,17:53,18:04,151,150,11,18:21,17,0,0,0,0,0
493,B6,3/18/22,1320,N373JB,JFK,19:02,19:24,134,126,22,19:42,18,0,0,0,0,0
494,B6,3/18/22,2506,N339JB,EWR,13:45,13:52,128,128,7,14:05,13,0,0,0,0,0
495,B6,3/19/22,467,N281JB,FLL,6:25,6:33,114,103,8,6:45,12,0,0,0,0,0
496,B6,3/19/22,520,N632JB,JFK,8:51,13:24,128,136,273,13:35,11,273,0,8,0,0
497,B6,3/19/22,696,N3044J,BOS,10:56,11:12,148,132,16,11:29,17,0,0,0,0,0
498,B6,3/19/22,1320,N368JB,JFK,19:02,23:32,134,114,270,23:45,13,17,0,0,0,233
499,B6,3/19/22,2506,N307JB,EWR,13:45,13:42,128,115,-3,13:56,14,0,0,0,0,0
500,B6,3/20/22,396,N3044J,BOS,10:56,10:54,148,142,-2,11:09,15,0,0,0,0,0
501,B6,3/20/22,467,N358JB,FLL,6:25,6:37,114,102,12,6:52,15,0,0,0,0,0
502,B6,3/20/22,520,N663JB,JFK,8:52,8:44,130,117,-8,8:59,15,0,0,0,0,0
503,B6,3/20/22,696,N3062J,BOS,17:53,17:48,151,160,-5,18:03,15,0,0,0,0,0
504,B6,3/20/22,1320,N239JB,JFK,19:02,19:08,134,142,6,19:24,16,0,0,0,0,0
505,B6,3/20/22,2506,N249JB,EWR,13:45,13:39,128,169,-6,13:55,16,0,0,35,0,0
506,B6,3/21/22,396,N3085J,BOS,10:56,10:48,148,149,-8,11:02,14,0,0,0,0,0
507,B6,3/21/22,467,N337JB,FLL,6:25,6:35,114,105,10,6:48,13,0,0,0,0,0
508,B6,3/21/22,520,N606JB,JFK,8:52,8:53,130,125,1,9:06,13,0,0,0,0,0
509,B6,3/21/22,696,N3077J,BOS,17:53,17:58,151,146,5,18:12,14,0,0,0,0,0
510,B6,3/21/22,1320,N375JB,JFK,19:02,19:10,134,122,8,19:20,10,0,0,0,0,0
511,B6,3/21/22,2506,N187JB,EWR,13:45,13:45,128,143,0,14:01,16,0,0,15,0,0
512,B6,3/22/22,520,N646JB,JFK,8:52,8:44,130,113,-8,8:53,9,0,0,0,0,0
513,B6,3/22/22,696,N3058J,BOS,17:53,17:47,151,146,-6,18:02,15,0,0,0,0,0
514,B6,3/22/22,1320,N239JB,JFK,19:02,18:58,134,122,-4,19:12,14,0,0,0,0,0
515,B6,3/22/22,2506,N304JB,EWR,13:45,13:40,128,124,-5,13:57,17,0,0,0,0,0
516,B6,3/23/22,520,N655JB,JFK,8:52,9:04,130,113,12,9:19,15,0,0,0,0,0
517,B6,3/23/22,696,N3008J,BOS,17:53,17:52,151,138,-1,18:08,16,0,0,0,0,0
518,B6,3/23/22,1320,N183JB,JFK,19:02,19:45,134,114,43,19:57,12,23,0,0,0,0
519,B6,3/23/22,2506,N304JB,EWR,13:45,13:34,128,119,-11,13:50,16,0,0,0,0,0
520,B6,3/24/22,396,N3023J,BOS,10:56,11:06,148,124,10,11:21,15,0,0,0,0,0
521,B6,3/24/22,467,N267JB,FLL,6:25,6:23,114,113,-2,6:38,15,0,0,0,0,0
522,B6,3/24/22,520,N705JB,JFK,8:52,8:51,130,110,-1,9:03,12,0,0,0,0,0
523,B6,3/24/22,696,N3008J,BOS,17:53,18:18,151,145,25,18:34,16,0,0,18,0,1
524,B6,3/24/22,1320,N238JB,JFK,19:02,20:41,134,119,99,20:55,14,42,0,0,0,42
525,B6,3/24/22,2506,N236JB,EWR,13:45,14:21,128,120,36,14:37,16,0,0,10,0,18
526,B6,3/25/22,396,N3008J,BOS,10:56,10:53,148,136,-3,11:04,11,0,0,0,0,0
527,B6,3/25/22,467,N354JB,FLL,6:25,6:21,114,109,-4,6:33,12,0,0,0,0,0
528,B6,3/25/22,520,N618JB,JFK,8:52,8:49,130,118,-3,9:01,12,0,0,0,0,0
529,B6,3/25/22,696,N3077J,BOS,17:53,17:49,151,147,-4,18:07,18,0,0,0,0,0
530,B6,3/25/22,1320,N197JB,JFK,19:02,18:57,134,132,-5,19:14,17,0,0,0,0,0
531,B6,3/25/22,2506,N337JB,EWR,13:45,13:49,128,121,4,14:02,13,0,0,0,0,0
532,B6,3/26/22,467,N274JB,FLL,6:25,6:20,114,105,-5,6:33,13,0,0,0,0,0
533,B6,3/26/22,520,N559JB,JFK,8:51,9:58,128,125,67,10:21,23,2,0,0,0,62
534,B6,3/26/22,696,N3065J,BOS,10:56,10:55,148,166,-1,11:35,40,0,0,17,0,0
535,B6,3/26/22,1320,N368JB,JFK,19:02,18:55,134,137,-7,19:10,15,0,0,0,0,0
536,B6,3/26/22,2506,N273JB,EWR,13:45,14:25,128,155,40,14:40,15,0,0,67,0,0
537,B6,3/27/22,220,N516JB,JFK,21:20,22:43,144,131,83,23:03,20,40,0,0,0,30
538,B6,3/27/22,467,N375JB,FLL,6:00,5:54,113,105,-6,6:06,12,0,0,0,0,0
539,B6,3/27/22,520,N509JB,JFK,9:00,9:00,135,127,0,9:18,18,0,0,0,0,0
540,B6,3/27/22,696,N519JB,BOS,18:07,20:20,164,154,133,20:38,18,9,0,0,0,114
541,B6,3/27/22,1320,N236JB,JFK,18:50,21:54,145,126,184,22:09,15,32,0,0,0,133
542,B6,3/28/22,220,N586JB,JFK,21:20,21:24,144,131,4,21:44,20,0,0,0,0,0
543,B6,3/28/22,396,N3085J,BOS,10:45,10:58,158,145,13,11:11,13,0,0,0,0,0
544,B6,3/28/22,467,N179JB,FLL,5:35,5:29,114,102,-6,5:41,12,0,0,0,0,0
545,B6,3/28/22,520,N556JB,JFK,8:45,8:40,135,126,-5,8:58,18,0,0,0,0,0
546,B6,3/28/22,696,N3085J,BOS,18:07,18:10,164,145,3,18:25,15,0,0,0,0,0
547,B6,3/28/22,1320,N239JB,JFK,18:50,0:00,145,0,0,0:00,0,0,0,0,0,0
548,B6,3/29/22,220,N569JB,JFK,21:20,21:05,144,137,-15,21:18,13,0,0,0,0,0
549,B6,3/29/22,396,N3058J,BOS,10:45,12:08,158,154,83,12:26,18,79,0,0,0,0
550,B6,3/29/22,520,N636JB,JFK,9:00,9:03,135,121,3,9:15,12,0,0,0,0,0
551,B6,3/29/22,696,N3058J,BOS,18:07,18:49,164,148,42,19:00,11,4,0,0,0,22
552,B6,3/29/22,1320,N238JB,JFK,18:50,18:42,145,133,-8,18:54,12,0,0,0,0,0
553,B6,3/30/22,220,N592JB,JFK,21:20,21:25,144,133,5,21:44,19,0,0,0,0,0
554,B6,3/30/22,396,N3044J,BOS,10:45,10:35,158,144,-10,10:49,14,0,0,0,0,0
555,B6,3/30/22,520,N784JB,JFK,9:00,8:51,135,134,-9,9:07,16,0,0,0,0,0
556,B6,3/30/22,696,N3044J,BOS,18:07,18:09,164,163,2,18:37,28,0,0,0,0,0
557,B6,3/30/22,1320,N373JB,JFK,18:50,20:02,145,134,72,20:14,12,39,0,0,0,22
558,B6,3/31/22,220,N568JB,JFK,21:20,0:00,144,0,0,0:00,0,0,0,0,0,0
559,B6,3/31/22,396,N976JT,BOS,10:45,10:40,158,148,-5,11:05,25,0,0,0,0,0
560,B6,3/31/22,467,N368JB,FLL,6:00,5:58,113,112,-2,6:13,15,0,0,0,0,0
561,B6,3/31/22,520,N570JB,JFK,9:00,9:08,135,121,8,9:21,13,0,0,0,0,0
562,B6,3/31/22,696,N3065J,BOS,18:07,18:35,164,140,28,18:50,15,0,0,0,0,0
563,B6,3/31/22,1320,N238JB,JFK,18:50,20:38,145,131,108,20:52,14,0,0,75,0,19
564,B6,4/1/22,396,N579JB,BOS,10:45,11:19,158,124,34,11:30,11,0,0,0,0,0
565,B6,4/1/22,467,N187JB,FLL,5:35,5:47,112,100,12,5:59,12,0,0,0,0,0
566,B6,4/1/22,520,N569JB,JFK,9:00,10:13,135,117,73,10:36,23,18,0,0,0,37
567,B6,4/1/22,696,N579JB,BOS,18:07,18:07,164,134,0,18:18,11,0,0,0,0,0
568,B6,4/1/22,1320,N258JB,JFK,18:50,0:00,145,0,0,0:00,0,0,0,0,0,0
569,B6,4/2/22,396,N521JB,BOS,10:59,11:32,158,141,33,11:50,18,15,0,0,0,1
570,B6,4/2/22,467,N274JB,FLL,5:35,0:00,112,0,0,0:00,0,0,0,0,0,0
571,B6,4/2/22,520,N806JB,JFK,9:00,10:28,135,126,88,10:44,16,79,0,0,0,0
572,B6,4/2/22,696,N296JB,BOS,17:42,0:00,166,0,0,0:00,0,0,0,0,0,0
573,B6,4/2/22,1320,N355JB,JFK,18:50,21:24,145,124,154,21:37,13,25,0,0,0,108
574,B6,4/2/22,2606,N537JT,EWR,6:55,0:00,129,0,0,0:00,0,0,0,0,0,0
575,B6,4/3/22,396,N3023J,BOS,10:45,12:23,158,132,98,12:36,13,25,0,0,0,47
576,B6,4/3/22,467,N324JB,FLL,6:00,6:23,113,119,23,6:50,27,23,0,6,0,0
577,B6,4/3/22,520,N580JB,JFK,9:00,9:00,135,163,0,9:15,15,0,0,28,0,0
578,B6,4/3/22,696,N3023J,BOS,18:07,19:19,164,138,72,19:23,4,12,0,0,0,34
579,B6,4/3/22,1320,N328JB,JFK,18:50,22:33,145,121,223,22:44,11,11,0,0,0,188
580,B6,4/3/22,2606,N556JB,EWR,7:30,12:36,129,148,306,12:59,23,306,0,19,0,0
581,B6,4/4/22,396,N3023J,BOS,10:45,10:45,158,145,0,11:00,15,0,0,0,0,0
582,B6,4/4/22,467,N296JB,FLL,6:00,6:27,113,101,27,6:43,16,0,0,0,15,0
583,B6,4/4/22,520,N537JT,JFK,8:45,0:00,135,0,0,0:00,0,0,0,0,0,0
584,B6,4/4/22,696,N506JB,BOS,18:07,13:31,164,137,1164,13:47,16,823,0,0,0,314
585,B6,4/4/22,1320,N229JB,JFK,18:50,20:38,145,119,108,20:50,12,33,0,0,0,49
586,B6,4/4/22,2606,N556JB,EWR,7:30,9:01,129,123,91,9:20,19,85,0,0,0,0
587,B6,4/5/22,396,N3077J,BOS,10:45,11:00,158,151,15,11:28,28,0,0,0,0,0
588,B6,4/5/22,467,N368JB,FLL,5:30,6:32,114,94,62,6:45,13,42,0,0,0,0
589,B6,4/5/22,520,N564JB,JFK,9:00,9:24,135,121,24,9:40,16,0,0,0,0,0
590,B6,4/5/22,696,N3008J,BOS,18:07,18:10,164,160,3,18:31,21,0,0,0,0,0
591,B6,4/5/22,1320,N358JB,JFK,18:50,21:16,145,119,146,21:29,13,16,0,0,0,104
592,B6,4/5/22,2606,N537JT,EWR,7:30,10:02,129,141,152,10:34,32,152,0,12,0,0
593,B6,4/6/22,396,N3008J,BOS,10:45,10:44,158,142,-1,11:04,20,0,0,0,0,0
594,B6,4/6/22,467,N247JB,FLL,6:00,5:58,111,110,-2,6:19,21,0,0,0,0,0
595,B6,4/6/22,520,N570JB,JFK,9:00,9:01,135,127,1,9:23,22,0,0,0,0,0
596,B6,4/6/22,696,N3008J,BOS,18:07,18:27,164,152,20,18:43,16,0,0,0,0,0
597,B6,4/6/22,1320,N316JB,JFK,18:50,20:15,143,123,85,20:35,20,16,0,0,0,49
598,B6,4/6/22,2606,N183JB,EWR,7:30,7:30,129,127,0,7:46,16,0,0,0,0,0
599,B6,4/7/22,396,N579JB,BOS,10:45,10:36,158,142,-9,10:55,19,0,0,0,0,0
600,B6,4/7/22,467,N258JB,FLL,6:00,6:04,111,108,4,6:19,15,0,0,0,0,0
601,B6,4/7/22,520,N834JB,JFK,9:00,8:57,135,124,-3,9:17,20,0,0,0,0,0
602,B6,4/7/22,696,N579JB,BOS,18:07,17:56,164,150,-11,18:16,20,0,0,0,0,0
603,B6,4/7/22,1320,N206JB,JFK,18:50,0:00,143,0,0,0:00,0,0,0,0,0,0
604,B6,4/7/22,2606,N358JB,EWR,7:30,7:26,129,122,-4,7:40,14,0,0,0,0,0
605,B6,4/8/22,396,N579JB,BOS,10:45,12:50,158,129,125,13:04,14,6,0,0,0,90
606,B6,4/8/22,467,N337JB,FLL,6:00,5:58,111,111,-2,6:12,14,0,0,0,0,0
607,B6,4/8/22,520,N641JB,JFK,9:00,9:12,135,112,12,9:29,17,0,0,0,0,0
608,B6,4/8/22,696,N579JB,BOS,18:07,19:26,164,139,79,19:39,13,0,0,0,0,54
609,B6,4/8/22,1320,N294JB,JFK,18:50,19:09,143,125,19,19:27,18,0,0,0,0,0
610,B6,4/8/22,2606,N307JB,EWR,7:30,8:57,129,121,87,9:15,18,79,0,0,0,0
611,B6,4/9/22,396,N3062J,BOS,10:45,11:29,158,145,44,11:49,20,31,0,0,0,0
612,B6,4/9/22,467,N178JB,FLL,6:00,8:29,111,119,149,8:47,18,149,0,8,0,0
613,B6,4/9/22,520,N507JT,JFK,9:00,0:00,135,0,0,0:00,0,0,0,0,0,0
614,B6,4/9/22,696,N216JB,BOS,17:57,22:02,164,162,245,22:15,13,19,0,0,0,224
615,B6,4/9/22,1320,N307JB,JFK,18:50,0:00,143,0,0,0:00,0,0,0,0,0,0
616,B6,4/9/22,2606,N178JB,EWR,7:30,0:00,129,0,0,0:00,0,0,0,0,0,0
617,B6,4/10/22,396,N3044J,BOS,10:45,13:17,158,145,152,13:29,12,133,0,0,0,6
618,B6,4/10/22,467,N337JB,FLL,6:00,8:09,111,131,129,8:29,20,129,0,20,0,0
619,B6,4/10/22,520,N655JB,JFK,9:00,10:01,135,130,61,10:22,21,56,0,0,0,0
620,B6,4/10/22,696,N520JB,BOS,18:07,18:52,164,160,45,19:20,28,24,0,0,0,17
621,B6,4/10/22,1320,N307JB,JFK,18:50,19:58,143,130,68,20:13,15,55,0,0,0,0
622,B6,4/10/22,2606,N228JB,EWR,7:30,11:35,129,133,245,11:51,16,245,0,4,0,0
623,B6,4/11/22,396,N503JB,BOS,10:45,12:41,158,160,116,12:56,15,1,0,2,0,115
624,B6,4/11/22,467,N339JB,FLL,6:00,5:58,111,102,-2,6:13,15,0,0,0,0,0
625,B6,4/11/22,520,N705JB,JFK,8:45,8:48,135,130,3,9:06,18,0,0,0,0,0
626,B6,4/11/22,696,N3023J,BOS,18:07,18:30,164,151,23,18:42,12,0,0,0,0,0
627,B6,4/11/22,1320,N355JB,JFK,18:50,19:40,143,121,50,19:51,11,15,0,0,0,13
628,B6,4/11/22,2606,N193JB,EWR,7:30,7:33,129,136,3,7:49,16,0,0,0,0,0
629,B6,4/12/22,396,N579JB,BOS,10:45,10:44,158,139,-1,10:57,13,0,0,0,0,0
630,B6,4/12/22,520,N569JB,JFK,9:00,8:55,135,122,-5,9:09,14,0,0,0,0,0
631,B6,4/12/22,696,N579JB,BOS,18:07,18:04,164,158,-3,18:31,27,0,0,0,0,0
632,B6,4/12/22,1320,N192JB,JFK,18:50,19:01,143,136,11,19:19,18,0,0,0,0,0
633,B6,4/12/22,2606,N228JB,EWR,7:30,7:28,129,132,-2,7:43,15,0,0,0,0,0
634,B6,4/13/22,396,N3044J,BOS,10:45,11:35,158,139,50,11:47,12,3,0,0,0,28
635,B6,4/13/22,520,N779JB,JFK,9:00,8:57,135,130,-3,9:13,16,0,0,0,0,0
636,B6,4/13/22,696,N3044J,BOS,18:07,18:36,164,146,29,18:51,15,0,0,0,0,0
637,B6,4/13/22,1320,N236JB,JFK,18:50,19:38,143,127,48,19:54,16,16,0,0,0,16
638,B6,4/13/22,2606,N328JB,EWR,7:30,7:23,129,133,-7,7:40,17,0,0,0,0,0
639,B6,4/14/22,396,N3008J,BOS,10:45,10:41,158,138,-4,11:01,20,0,0,0,0,0
640,B6,4/14/22,467,N206JB,FLL,6:00,6:00,111,98,0,6:11,11,0,0,0,0,0
641,B6,4/14/22,496,N351JB,BOS,16:05,16:25,163,151,20,16:53,28,0,0,0,0,0
642,B6,4/14/22,520,N580JB,JFK,9:00,8:55,135,125,-5,9:10,15,0,0,0,0,0
643,B6,4/14/22,696,N3008J,BOS,18:07,18:31,164,149,24,18:48,17,0,0,0,0,0
644,B6,4/14/22,1320,N309JB,JFK,18:50,0:00,143,0,0,0:00,0,0,0,0,0,0
645,B6,4/14/22,2606,N292JB,EWR,7:30,7:29,129,128,-1,7:48,19,0,0,0,0,0
646,B6,4/15/22,396,N3062J,BOS,10:45,10:54,158,133,9,11:05,11,0,0,0,0,0
647,B6,4/15/22,467,N375JB,FLL,6:00,6:01,111,101,1,6:16,15,0,0,0,0,0
648,B6,4/15/22,520,N775JB,JFK,9:00,11:07,135,131,127,11:24,17,123,0,0,0,0
649,B6,4/15/22,696,N3062J,BOS,18:07,18:06,164,158,-1,18:20,14,0,0,0,0,0
650,B6,4/15/22,1320,N615JB,JFK,19:06,23:05,143,124,239,23:21,16,220,0,0,0,0
651,B6,4/15/22,2606,N339JB,EWR,7:30,7:29,129,125,-1,7:43,14,0,0,0,0,0
652,B6,4/16/22,396,N987JT,BOS,10:45,10:57,158,158,12,11:17,20,0,0,0,0,0
653,B6,4/16/22,467,N239JB,FLL,6:00,0:00,111,0,0,0:00,0,0,0,0,0,0
654,B6,4/16/22,520,N566JB,JFK,9:00,12:22,135,139,202,12:44,22,202,0,4,0,0
655,B6,4/16/22,696,N358JB,BOS,17:45,17:57,163,140,12,18:10,13,0,0,0,0,0
656,B6,4/16/22,1320,N317JB,JFK,18:50,19:09,143,133,19,19:29,20,0,0,0,0,0
657,B6,4/16/22,2606,N178JB,EWR,7:30,7:30,129,128,0,7:48,18,0,0,0,0,0
658,B6,4/17/22,396,N3058J,BOS,10:45,10:42,158,146,-3,10:58,16,0,0,0,0,0
659,B6,4/17/22,467,N307JB,FLL,6:00,6:00,111,95,0,6:14,14,0,0,0,0,0
660,B6,4/17/22,520,N643JB,JFK,9:00,9:04,135,196,4,10:24,80,4,0,61,0,0
661,B6,4/17/22,696,N3058J,BOS,18:07,18:06,164,138,-1,18:20,14,0,0,0,0,0
662,B6,4/17/22,1320,N373JB,JFK,18:50,18:53,143,122,3,19:05,12,0,0,0,0,0
663,B6,4/17/22,2606,N274JB,EWR,7:30,7:18,129,123,-12,7:39,21,0,0,0,0,0
664,B6,4/18/22,396,N988JT,BOS,10:45,12:20,158,133,95,12:33,13,6,0,0,0,64
665,B6,4/18/22,467,N239JB,FLL,6:00,6:02,111,109,2,6:13,11,0,0,0,0,0
666,B6,4/18/22,520,N566JB,JFK,8:45,9:09,135,120,24,9:22,13,0,0,0,0,0
667,B6,4/18/22,696,N516JB,BOS,18:07,18:17,164,151,10,18:42,25,0,0,0,0,0
668,B6,4/18/22,1320,N183JB,JFK,18:50,19:44,143,121,54,19:56,12,9,0,0,0,23
669,B6,4/18/22,2606,N193JB,EWR,7:30,7:29,129,123,-1,7:48,19,0,0,0,0,0
670,B6,4/19/22,520,N789JB,JFK,9:00,9:00,135,131,0,9:20,20,0,0,0,0,0
671,B6,4/19/22,696,N516JB,BOS,18:23,19:24,164,149,61,19:41,17,20,0,0,0,26
672,B6,4/19/22,1320,N203JB,JFK,18:50,20:15,143,138,85,20:30,15,14,0,0,0,66
673,B6,4/19/22,2606,N328JB,EWR,7:30,8:36,129,124,66,8:54,18,61,0,0,0,0
674,B6,4/20/22,520,N662JB,JFK,9:00,9:00,135,130,0,9:17,17,0,0,0,0,0
675,B6,4/20/22,696,N284JB,BOS,18:07,18:00,164,145,-7,18:15,15,0,0,0,0,0
676,B6,4/20/22,1320,N203JB,JFK,18:50,19:08,143,129,18,19:19,11,0,0,0,0,0
677,B6,4/21/22,467,N351JB,FLL,6:00,6:03,111,108,3,6:19,16,0,0,0,0,0
678,B6,4/21/22,520,N589JB,JFK,9:00,8:53,135,133,-7,9:09,16,0,0,0,0,0
679,B6,4/21/22,696,N3023J,BOS,18:07,18:12,164,149,5,18:25,13,0,0,0,0,0
680,B6,4/21/22,1320,N184JB,JFK,18:50,18:54,143,119,4,19:07,13,0,0,0,0,0
681,B6,4/22/22,467,N351JB,FLL,6:00,5:59,111,108,-1,6:12,13,0,0,0,0,0
682,B6,4/22/22,520,N608JB,JFK,9:00,8:53,135,139,-7,9:07,14,0,0,0,0,0
683,B6,4/22/22,696,N3044J,BOS,18:07,18:22,164,149,15,18:36,14,0,0,0,0,0
684,B6,4/22/22,1320,N337JB,JFK,18:50,19:28,143,135,38,19:44,16,30,0,0,0,0
685,B6,4/23/22,467,N190JB,FLL,6:00,5:56,111,99,-4,6:07,11,0,0,0,0,0
686,B6,4/23/22,520,N534JB,JFK,9:00,9:03,135,132,3,9:20,17,0,0,0,0,0
687,B6,4/23/22,696,N216JB,BOS,17:42,0:00,165,0,0,0:00,0,0,0,0,0,0
688,B6,4/23/22,1320,N358JB,JFK,18:50,18:55,143,126,5,19:09,14,0,0,0,0,0
689,B6,4/24/22,467,N265JB,FLL,6:00,0:00,111,0,0,0:00,0,0,0,0,0,0
690,B6,4/24/22,520,N586JB,JFK,9:00,8:59,135,134,-1,9:16,17,0,0,0,0,0
691,B6,4/24/22,696,N3085J,BOS,18:07,18:23,164,148,16,18:37,14,0,0,0,0,0
692,B6,4/24/22,1320,N294JB,JFK,18:50,19:23,143,135,33,19:34,11,25,0,0,0,0
693,B6,4/25/22,467,N324JB,FLL,6:00,6:15,111,106,15,6:29,14,0,0,0,0,0
694,B6,4/25/22,520,N779JB,JFK,8:45,8:59,135,130,14,9:17,18,0,0,0,0,0
695,B6,4/25/22,696,N3058J,BOS,18:07,18:01,164,146,-6,18:13,12,0,0,0,0,0
696,B6,4/25/22,1320,N294JB,JFK,18:50,19:13,143,123,23,19:24,11,0,0,0,0,0
697,B6,4/26/22,520,N586JB,JFK,9:00,9:19,135,120,19,9:32,13,0,0,0,0,0
698,B6,4/26/22,696,N3085J,BOS,18:31,18:40,164,145,9,18:52,12,0,0,0,0,0
699,B6,4/26/22,1320,N229JB,JFK,18:50,19:01,143,140,11,19:12,11,0,0,0,0,0
700,B6,4/27/22,520,N571JB,JFK,9:00,9:07,135,124,7,9:21,14,0,0,0,0,0
701,B6,4/27/22,696,N354JB,BOS,18:07,17:57,164,146,-10,18:09,12,0,0,0,0,0
702,B6,4/27/22,1320,N190JB,JFK,18:50,18:52,143,126,2,19:06,14,0,0,0,0,0
703,B6,4/28/22,467,N324JB,FLL,6:00,6:01,111,99,1,6:14,13,0,0,0,0,0
704,B6,4/28/22,520,N633JB,JFK,9:00,8:59,135,124,-1,9:14,15,0,0,0,0,0
705,B6,4/28/22,696,N317JB,BOS,18:07,18:13,164,150,6,18:29,16,0,0,0,0,0
706,B6,4/28/22,1320,N249JB,JFK,18:50,18:52,143,127,2,19:04,12,0,0,0,0,0
707,B6,4/29/22,467,N348JB,FLL,6:00,6:00,111,107,0,6:19,19,0,0,0,0,0
708,B6,4/29/22,520,N659JB,JFK,9:00,9:13,135,129,13,9:32,19,0,0,0,0,0
709,B6,4/29/22,696,N3008J,BOS,18:07,17:57,164,149,-10,18:11,14,0,0,0,0,0
710,B6,4/29/22,1320,N373JB,JFK,18:50,18:57,143,136,7,19:11,14,0,0,0,0,0
711,B6,4/30/22,220,N556JB,JFK,21:20,22:16,144,133,56,22:27,11,0,0,0,0,45
712,B6,4/30/22,467,N273JB,FLL,6:00,5:57,111,106,-3,6:11,14,0,0,0,0,0
713,B6,4/30/22,520,N594JB,JFK,9:00,8:59,135,126,-1,9:14,15,0,0,0,0,0
714,B6,4/30/22,696,N3023J,BOS,18:26,18:31,164,142,5,18:45,14,0,0,0,0,0
715,B6,4/30/22,1320,N239JB,JFK,18:50,18:43,143,129,-7,18:57,14,0,0,0,0,0
716,B6,5/1/22,220,N648JB,JFK,21:20,21:18,144,136,-2,21:44,26,0,0,0,0,0
717,B6,5/1/22,467,N334JB,FLL,6:00,5:56,111,101,-4,6:13,17,0,0,0,0,0
718,B6,5/1/22,520,N656JB,JFK,9:00,9:11,135,128,11,9:29,18,0,0,0,0,0
719,B6,5/1/22,696,N3058J,BOS,18:07,18:37,164,152,30,18:50,13,18,0,0,0,0
720,B6,5/1/22,1320,N317JB,JFK,18:50,19:38,143,137,48,19:52,14,18,0,0,0,24
721,B6,5/2/22,220,N804JB,JFK,21:20,22:25,144,123,65,22:36,11,0,0,0,0,44
722,B6,5/2/22,467,N374JB,FLL,6:00,5:58,111,101,-2,6:09,11,0,0,0,0,0
723,B6,5/2/22,520,N597JB,JFK,8:45,8:47,135,132,2,9:03,16,0,0,0,0,0
724,B6,5/2/22,696,N3023J,BOS,18:07,18:01,164,155,-6,18:22,21,0,0,0,0,0
725,B6,5/2/22,1320,N307JB,JFK,18:50,18:53,143,142,3,19:08,15,0,0,0,0,0
726,B6,5/3/22,220,N571JB,JFK,21:20,21:34,144,132,14,21:55,21,0,0,0,0,0
727,B6,5/3/22,520,N635JB,JFK,9:00,8:54,135,123,-6,9:07,13,0,0,0,0,0
728,B6,5/3/22,696,N3023J,BOS,18:31,18:39,164,146,8,18:56,17,0,0,0,0,0
729,B6,5/3/22,1320,N279JB,JFK,18:50,18:56,143,133,6,19:10,14,0,0,0,0,0
730,B6,5/4/22,396,N3062J,BOS,11:07,11:07,158,147,0,11:24,17,0,0,0,0,0
731,B6,5/4/22,520,N653JB,JFK,10:44,11:42,135,121,58,11:53,11,27,0,0,0,17
732,B6,5/4/22,696,N324JB,BOS,17:11,17:57,165,179,46,18:31,34,0,0,60,0,0
733,B6,5/4/22,920,N708JB,JFK,14:20,14:46,139,129,26,15:01,15,2,0,0,0,14
734,B6,5/4/22,1320,N793JB,JFK,19:57,19:47,142,172,-10,20:03,16,0,0,20,0,0
735,B6,5/5/22,396,N3023J,BOS,11:07,11:09,158,140,2,11:21,12,0,0,0,0,0
736,B6,5/5/22,467,N586JB,FLL,6:00,6:19,111,100,19,6:38,19,0,0,0,0,0
737,B6,5/5/22,520,N507JT,JFK,10:44,10:37,135,131,-7,10:58,21,0,0,0,0,0
738,B6,5/5/22,696,N279JB,BOS,17:11,18:00,165,0,49,0:00,0,0,0,0,0,0
739,B6,5/5/22,720,N606JB,JFK,7:00,6:57,137,130,-3,7:09,12,0,0,0,0,0
740,B6,5/5/22,920,N706JB,JFK,14:20,14:16,139,123,-4,14:27,11,0,0,0,0,0
741,B6,5/5/22,1320,N375JB,JFK,19:53,20:02,143,124,9,20:15,13,0,0,0,0,0
742,B6,5/6/22,396,N3062J,BOS,11:07,11:03,158,142,-4,11:22,19,0,0,0,0,0
743,B6,5/6/22,467,N547JB,FLL,6:00,6:10,111,104,10,6:24,14,0,0,0,0,0
744,B6,5/6/22,520,N564JB,JFK,10:44,10:46,135,124,2,11:01,15,0,0,0,0,0
745,B6,5/6/22,696,N506JB,BOS,17:11,17:41,165,196,30,18:31,50,30,0,31,0,0
746,B6,5/6/22,720,N712JB,JFK,7:00,7:15,137,137,15,7:33,18,0,0,0,15,0
747,B6,5/6/22,920,N712JB,JFK,14:20,14:38,139,118,18,14:56,18,0,0,0,0,0
748,B6,5/6/22,1320,N238JB,JFK,19:53,19:52,143,165,-1,20:06,14,0,0,21,0,0
749,B6,5/7/22,467,N715JB,FLL,6:00,6:19,111,114,19,6:32,13,19,0,3,0,0
750,B6,5/7/22,520,N827JB,JFK,10:44,10:40,135,126,-4,10:53,13,0,0,0,0,0
751,B6,5/7/22,720,N586JB,JFK,7:00,7:02,137,123,2,7:14,12,0,0,0,0,0
752,B6,5/7/22,920,N705JB,JFK,14:20,14:33,139,128,13,14:48,15,0,0,0,0,0
753,B6,5/7/22,1320,N318JB,JFK,19:53,21:59,143,131,126,22:14,15,24,0,0,0,90
754,B6,5/8/22,396,N988JT,BOS,11:07,11:05,158,154,-2,11:19,14,0,0,0,0,0
755,B6,5/8/22,467,N789JB,FLL,6:00,6:02,111,97,2,6:14,12,0,0,0,0,0
756,B6,5/8/22,520,N531JL,JFK,10:44,10:48,135,130,4,11:05,17,0,0,0,0,0
757,B6,5/8/22,696,N355JB,BOS,17:11,17:07,165,146,-4,17:20,13,0,0,0,0,0
758,B6,5/8/22,720,N588JB,JFK,7:00,7:09,137,132,9,7:24,15,0,0,0,0,0
759,B6,5/8/22,920,N571JB,JFK,14:20,15:49,139,133,89,16:03,14,22,0,0,0,61
760,B6,5/8/22,1320,N358JB,JFK,19:53,19:45,143,142,-8,20:02,17,0,0,0,0,0
761,B6,5/9/22,396,N3065J,BOS,11:07,11:04,158,158,-3,11:21,17,0,0,0,0,0
762,B6,5/9/22,467,N565JB,FLL,6:00,6:01,111,108,1,6:18,17,0,0,0,0,0
763,B6,5/9/22,520,N763JB,JFK,10:44,10:43,135,133,-1,10:57,14,0,0,0,0,0
764,B6,5/9/22,696,N193JB,BOS,17:11,17:06,165,160,-5,17:18,12,0,0,0,0,0
765,B6,5/9/22,720,N775JB,JFK,7:00,7:12,137,141,12,7:32,20,12,0,4,0,0
766,B6,5/9/22,920,N646JB,JFK,14:20,14:24,139,139,4,14:42,18,0,0,0,0,0
767,B6,5/9/22,1320,N374JB,JFK,19:53,19:52,143,147,-1,20:12,20,0,0,0,0,0
768,B6,5/10/22,396,N3044J,BOS,11:07,11:05,158,164,-2,11:21,16,0,0,0,0,0
769,B6,5/10/22,520,N789JB,JFK,10:44,10:50,135,140,6,11:03,13,0,0,0,0,0
770,B6,5/10/22,696,N328JB,BOS,17:11,17:06,165,166,-5,17:21,15,0,0,0,0,0
771,B6,5/10/22,720,N570JB,JFK,7:00,8:41,137,138,101,8:54,13,101,0,1,0,0
772,B6,5/10/22,920,N630JB,JFK,14:20,14:22,139,157,2,14:35,13,2,0,18,0,0
773,B6,5/10/22,1320,N608JB,JFK,19:53,19:43,143,153,-10,20:10,27,0,0,0,0,0
774,B6,5/11/22,396,N3023J,BOS,11:07,10:57,158,165,-10,11:15,18,0,0,0,0,0
775,B6,5/11/22,520,N635JB,JFK,10:44,10:39,135,143,-5,10:55,16,0,0,0,0,0
776,B6,5/11/22,696,N339JB,BOS,17:11,17:03,165,176,-8,17:16,13,0,0,0,0,0
777,B6,5/11/22,720,N589JB,JFK,7:00,6:58,137,160,-2,7:29,31,0,0,21,0,0
778,B6,5/11/22,920,N779JB,JFK,14:20,14:23,139,144,3,14:39,16,0,0,0,0,0
779,B6,5/11/22,1320,N584JB,JFK,19:57,19:46,142,137,-11,19:59,13,0,0,0,0,0
780,B6,5/12/22,396,N3065J,BOS,11:07,11:12,158,165,5,11:31,19,0,0,0,0,0
781,B6,5/12/22,467,N603JB,FLL,6:00,5:59,111,130,-1,6:20,21,0,0,18,0,0
782,B6,5/12/22,520,N705JB,JFK,10:44,12:07,135,135,83,12:20,13,83,0,0,0,0
783,B6,5/12/22,696,N374JB,BOS,17:11,18:37,165,180,86,18:53,16,0,0,101,0,0
784,B6,5/12/22,720,N703JB,JFK,7:00,7:06,137,148,6,7:24,18,6,0,11,0,0
785,B6,5/12/22,920,N599JB,JFK,14:20,14:31,139,149,11,14:49,18,11,0,10,0,0
786,B6,5/12/22,1320,N179JB,JFK,19:53,22:32,143,138,159,22:54,22,28,0,0,0,126
787,B6,5/13/22,396,N3077J,BOS,11:07,11:00,158,155,-7,11:18,18,0,0,0,0,0
788,B6,5/13/22,467,N624JB,FLL,6:00,6:02,111,100,2,6:14,12,0,0,0,0,0
789,B6,5/13/22,520,N729JB,JFK,10:44,10:50,135,126,6,11:06,16,0,0,0,0,0
790,B6,5/13/22,696,N231JB,BOS,17:11,17:07,165,178,-4,17:23,16,0,0,0,0,0
791,B6,5/13/22,720,N547JB,JFK,7:00,7:17,137,140,17,7:36,19,17,0,3,0,0
792,B6,5/13/22,920,N559JB,JFK,14:20,14:57,139,173,37,15:09,12,0,0,70,0,1
793,B6,5/13/22,1320,N203JB,JFK,19:53,20:40,143,129,47,20:54,14,14,0,0,0,19
794,B6,5/14/22,396,N504JB,BOS,11:07,11:07,158,146,0,11:19,12,0,0,0,0,0
795,B6,5/14/22,467,N653JB,FLL,6:00,5:59,111,96,-1,6:12,13,0,0,0,0,0
796,B6,5/14/22,520,N580JB,JFK,10:44,10:45,135,131,1,10:59,14,0,0,0,0,0
797,B6,5/14/22,720,N709JB,JFK,7:00,7:05,137,133,5,7:18,13,0,0,0,0,0
798,B6,5/14/22,920,N583JB,JFK,14:20,14:39,139,135,19,14:56,17,15,0,0,0,0
799,B6,5/14/22,1320,N307JB,JFK,19:56,21:19,142,142,83,21:35,16,17,0,0,0,66
800,B6,5/15/22,396,N3104J,BOS,11:07,11:14,158,146,7,11:32,18,0,0,0,0,0
801,B6,5/15/22,467,N834JB,FLL,6:00,5:59,111,111,-1,6:16,17,0,0,0,0,0
802,B6,5/15/22,520,N656JB,JFK,10:44,10:59,135,133,15,11:16,17,0,0,0,0,0
803,B6,5/15/22,696,N203JB,BOS,17:11,17:48,165,148,37,17:56,8,10,0,0,0,10
804,B6,5/15/22,720,N653JB,JFK,7:00,6:58,137,150,-2,7:13,15,0,0,0,0,0
805,B6,5/15/22,920,N565JB,JFK,14:20,14:17,139,130,-3,14:32,15,0,0,0,0,0
806,B6,5/15/22,1320,N353JB,JFK,19:53,21:24,143,136,91,21:36,12,16,0,0,0,68
807,B6,5/16/22,396,N3058J,BOS,11:07,10:59,158,136,-8,11:10,11,0,0,0,0,0
808,B6,5/16/22,467,N705JB,FLL,6:00,6:06,111,107,6,6:19,13,0,0,0,0,0
809,B6,5/16/22,520,N608JB,JFK,10:44,10:38,135,130,-6,10:52,14,0,0,0,0,0
810,B6,5/16/22,696,N368JB,BOS,17:11,17:04,165,141,-7,17:15,11,0,0,0,0,0
811,B6,5/16/22,720,N599JB,JFK,7:00,7:07,137,133,7,7:23,16,0,0,0,0,0
812,B6,5/16/22,920,N591JB,JFK,14:20,14:29,139,169,9,14:47,18,9,0,30,0,0
813,B6,5/16/22,1320,N216JB,JFK,19:53,0:00,143,0,0,0:00,0,0,0,0,0,0
814,B6,5/17/22,396,N3008J,BOS,11:07,11:15,158,139,8,11:28,13,0,0,0,0,0
815,B6,5/17/22,520,N779JB,JFK,10:44,11:04,135,119,20,11:20,16,0,0,0,0,0
816,B6,5/17/22,696,N228JB,BOS,17:11,17:10,165,144,-1,17:24,14,0,0,0,0,0
817,B6,5/17/22,720,N705JB,JFK,7:00,7:07,137,128,7,7:26,19,0,0,0,0,0
818,B6,5/17/22,920,N643JB,JFK,14:20,14:22,139,129,2,14:35,13,0,0,0,0,0
819,B6,5/17/22,1320,N355JB,JFK,19:53,20:01,143,130,8,20:17,16,0,0,0,0,0
820,B6,5/18/22,396,N3085J,BOS,11:07,11:04,158,157,-3,11:15,11,0,0,0,0,0
821,B6,5/18/22,520,N526JL,JFK,10:44,10:48,135,134,4,11:02,14,0,0,0,0,0
822,B6,5/18/22,696,N178JB,BOS,17:11,17:02,165,140,-9,17:13,11,0,0,0,0,0
823,B6,5/18/22,720,N640JB,JFK,7:00,7:07,137,129,7,7:19,12,0,0,0,0,0
824,B6,5/18/22,920,N594JB,JFK,14:20,14:26,139,123,6,14:39,13,0,0,0,0,0
825,B6,5/18/22,1320,N618JB,JFK,19:57,19:59,142,147,2,20:23,24,0,0,0,0,0
826,B6,5/19/22,396,N3008J,BOS,11:07,11:11,158,156,4,11:30,19,0,0,0,0,0
827,B6,5/19/22,467,N570JB,FLL,6:00,5:58,111,103,-2,6:14,16,0,0,0,0,0
828,B6,5/19/22,520,N564JB,JFK,10:44,11:00,135,144,16,11:24,24,16,0,9,0,0
829,B6,5/19/22,696,N198JB,BOS,17:11,17:22,165,157,11,17:33,11,0,0,0,0,0
830,B6,5/19/22,720,N633JB,JFK,7:00,6:56,137,124,-4,7:08,12,0,0,0,0,0
831,B6,5/19/22,920,N952JB,JFK,14:20,14:23,139,137,3,14:40,17,0,0,0,0,0
832,B6,5/19/22,1320,N190JB,JFK,19:53,20:28,143,141,35,20:43,15,14,0,0,0,19
833,B6,5/20/22,396,N3044J,BOS,11:07,10:58,158,160,-9,11:18,20,0,0,0,0,0
834,B6,5/20/22,467,N612JB,FLL,6:00,6:22,111,103,22,6:33,11,0,0,0,0,0
835,B6,5/20/22,520,N527JL,JFK,10:44,10:45,135,135,1,11:01,16,0,0,0,0,0
836,B6,5/20/22,696,N206JB,BOS,17:11,17:13,165,160,2,17:28,15,0,0,0,0,0
837,B6,5/20/22,720,N547JB,JFK,7:00,7:00,137,148,0,7:22,22,0,0,0,0,0
838,B6,5/20/22,920,N603JB,JFK,14:20,14:34,139,164,14,14:50,16,14,0,25,0,0
839,B6,5/20/22,1320,N178JB,JFK,20:06,21:39,142,0,93,21:54,15,0,0,0,0,0
840,B6,5/21/22,396,N3044J,BOS,11:07,11:00,158,145,-7,11:17,17,0,0,0,0,0
841,B6,5/21/22,467,N661JB,FLL,6:00,6:05,111,108,5,6:17,12,0,0,0,0,0
842,B6,5/21/22,520,N954JB,JFK,10:44,12:45,135,137,121,13:03,18,22,0,2,0,99
843,B6,5/21/22,720,N627JB,JFK,7:00,7:29,137,139,29,7:50,21,29,0,2,0,0
844,B6,5/21/22,920,N952JB,JFK,14:20,15:46,139,140,86,15:59,13,36,0,1,0,50
845,B6,5/21/22,1320,N368JB,JFK,20:06,22:35,142,122,149,22:47,12,10,0,0,0,119
846,B6,5/22/22,396,N3085J,BOS,11:07,12:37,158,170,90,13:12,35,37,0,12,0,53
847,B6,5/22/22,467,N729JB,FLL,6:00,6:02,111,98,2,6:14,12,0,0,0,0,0
848,B6,5/22/22,520,N903JB,JFK,10:44,11:28,135,137,44,11:42,14,39,0,2,0,5
849,B6,5/22/22,696,N296JB,BOS,17:11,17:58,165,192,47,18:22,24,0,0,66,0,8
850,B6,5/22/22,720,N537JT,JFK,7:00,7:16,137,126,16,7:29,13,0,0,0,0,0
851,B6,5/22/22,920,N703JB,JFK,14:20,15:47,139,140,87,16:07,20,0,0,88,0,0
852,B6,5/22/22,1320,N316JB,JFK,20:06,21:25,142,145,79,21:36,11,26,0,3,0,53
853,B6,5/23/22,396,N3077J,BOS,11:07,11:11,158,137,4,11:24,13,0,0,0,0,0
854,B6,5/23/22,467,N715JB,FLL,6:00,6:20,111,114,20,6:37,17,20,0,3,0,0
855,B6,5/23/22,520,N2043J,JFK,10:44,11:05,135,131,21,11:17,12,17,0,0,0,0
856,B6,5/23/22,696,N247JB,BOS,17:11,21:26,165,149,255,21:47,21,15,0,0,0,224
857,B6,5/23/22,720,N809JB,JFK,7:00,7:51,137,136,51,8:18,27,50,0,0,0,0
858,B6,5/23/22,920,N608JB,JFK,14:20,14:38,139,139,18,14:56,18,18,0,0,0,0
859,B6,5/23/22,1320,N368JB,JFK,20:06,19:57,142,141,-9,20:09,12,0,0,0,0,0
860,B6,5/24/22,396,N3065J,BOS,11:07,11:58,158,131,51,12:08,10,4,0,0,0,20
861,B6,5/24/22,520,N531JL,JFK,10:44,10:40,135,130,-4,11:02,22,0,0,0,0,0
862,B6,5/24/22,696,N284JB,BOS,17:11,16:56,165,132,-15,17:08,12,0,0,0,0,0
863,B6,5/24/22,720,N705JB,JFK,7:00,7:02,137,129,2,7:18,16,0,0,0,0,0
864,B6,5/24/22,920,N529JB,JFK,14:20,15:37,139,119,77,15:50,13,6,0,0,0,51
865,B6,5/24/22,1320,N353JB,JFK,20:06,21:21,142,127,75,21:38,17,60,0,0,0,0
866,B6,5/25/22,396,N3085J,BOS,11:07,11:18,158,149,11,11:34,16,0,0,0,0,0
867,B6,5/25/22,520,N554JB,JFK,10:44,11:05,135,128,21,11:19,14,0,0,0,0,0
868,B6,5/25/22,696,N187JB,BOS,17:11,17:06,165,154,-5,17:23,17,0,0,0,0,0
869,B6,5/25/22,720,N552JB,JFK,7:00,6:56,137,131,-4,7:11,15,0,0,0,0,0
870,B6,5/25/22,920,N593JB,JFK,14:20,14:45,139,123,25,14:57,12,0,0,0,0,0
871,B6,5/25/22,1320,N258JB,JFK,20:06,20:10,142,122,4,20:24,14,0,0,0,0,0
872,B6,5/26/22,396,N3023J,BOS,11:07,11:11,158,147,4,11:30,19,0,0,0,0,0
873,B6,5/26/22,467,N559JB,FLL,6:00,6:04,111,106,4,6:18,14,0,0,0,0,0
874,B6,5/26/22,520,N712JB,JFK,10:44,11:00,135,133,16,11:17,17,0,0,0,0,0
875,B6,5/26/22,696,N351JB,BOS,17:11,17:07,165,145,-4,17:18,11,0,0,0,0,0
876,B6,5/26/22,720,N535JB,JFK,7:00,6:58,137,149,-2,7:14,16,0,0,0,0,0
877,B6,5/26/22,920,N661JB,JFK,14:20,14:33,139,139,13,14:47,14,0,0,0,0,0
878,B6,5/26/22,1320,N187JB,JFK,20:06,20:04,142,144,-2,20:20,16,0,0,0,0,0
879,B6,5/27/22,396,N3044J,BOS,11:07,11:01,158,168,-6,11:20,19,0,0,0,0,0
880,B6,5/27/22,467,N587JB,FLL,6:00,6:03,111,106,3,6:19,16,0,0,0,0,0
881,B6,5/27/22,520,N804JB,JFK,10:44,10:49,135,131,5,11:03,14,0,0,0,0,0
882,B6,5/27/22,696,N328JB,BOS,17:11,17:23,165,142,12,17:36,13,0,0,0,0,0
883,B6,5/27/22,720,N589JB,JFK,7:00,7:03,137,145,3,7:18,15,0,0,0,0,0
884,B6,5/27/22,920,N552JB,JFK,14:20,14:30,139,143,10,14:56,26,0,0,0,0,0
885,B6,5/27/22,1320,N323JB,JFK,20:06,0:00,142,0,0,0:00,0,0,0,0,0,0
886,B6,5/28/22,396,N3102J,BOS,11:07,11:07,158,147,0,11:23,16,0,0,0,0,0
887,B6,5/28/22,467,N646JB,FLL,6:00,6:34,111,99,34,6:46,12,22,0,0,0,0
888,B6,5/28/22,520,N661JB,JFK,10:44,10:44,135,126,0,10:59,15,0,0,0,0,0
889,B6,5/28/22,720,N508JL,JFK,7:00,7:15,137,135,15,7:27,12,0,0,0,0,0
890,B6,5/28/22,920,N649JB,JFK,14:20,17:27,139,145,187,17:46,19,146,0,47,0,0
891,B6,5/28/22,1320,N729JB,JFK,20:06,23:57,142,124,231,0:08,11,12,0,0,0,201
892,B6,5/29/22,396,N3102J,BOS,11:07,11:53,158,145,46,12:08,15,33,0,0,0,0
893,B6,5/29/22,467,N805JB,FLL,6:00,6:31,111,101,31,6:43,12,21,0,0,0,0
894,B6,5/29/22,520,N585JB,JFK,10:44,10:42,135,137,-2,10:58,16,0,0,0,0,0
895,B6,5/29/22,696,N206JB,BOS,17:11,17:05,165,146,-6,17:24,19,0,0,0,0,0
896,B6,5/29/22,720,N529JB,JFK,7:00,9:02,137,129,122,9:18,16,114,0,0,0,0
897,B6,5/29/22,920,N597JB,JFK,14:20,14:56,139,141,36,15:14,18,26,0,2,0,10
898,B6,5/29/22,1320,N307JB,JFK,20:06,20:16,142,152,10,20:36,20,10,0,10,0,0
899,B6,5/30/22,396,N3044J,BOS,11:07,13:02,158,151,115,13:15,13,10,0,0,0,98
900,B6,5/30/22,467,N729JB,FLL,6:00,0:00,111,0,0,0:00,0,0,0,0,0,0
901,B6,5/30/22,520,N612JB,JFK,10:44,10:42,135,129,-2,10:57,15,0,0,0,0,0
902,B6,5/30/22,696,N284JB,BOS,17:11,17:23,165,152,12,17:37,14,0,0,0,0,0
903,B6,5/30/22,720,N640JB,JFK,7:00,8:06,137,134,66,8:21,15,63,0,0,0,0
904,B6,5/30/22,920,N2059J,JFK,14:20,15:22,139,140,62,15:44,22,0,0,1,0,62
905,B6,5/30/22,1320,N238JB,JFK,20:06,20:14,142,145,8,20:31,17,0,0,0,0,0
906,B6,5/31/22,396,N3065J,BOS,11:07,11:14,158,145,7,11:26,12,0,0,0,0,0
907,B6,5/31/22,520,N828JB,JFK,10:44,10:38,135,128,-6,10:50,12,0,0,0,0,0
908,B6,5/31/22,696,N354JB,BOS,17:11,17:08,165,174,-3,17:20,12,0,0,0,0,0
909,B6,5/31/22,720,N834JB,JFK,7:00,7:33,137,133,33,7:45,12,29,0,0,0,0
910,B6,5/31/22,920,N592JB,JFK,14:20,14:17,139,138,-3,14:36,19,0,0,0,0,0
911,B6,5/31/22,1320,N228JB,JFK,20:06,20:02,142,146,-4,20:22,20,0,0,0,0,0
912,B6,6/1/22,396,N3065J,BOS,11:07,10:59,158,157,-8,11:23,24,0,0,0,0,0
913,B6,6/1/22,520,N956JT,JFK,10:44,12:18,135,143,94,12:32,14,33,0,8,0,61
914,B6,6/1/22,720,N534JB,JFK,7:00,7:22,137,140,22,7:39,17,22,0,3,0,0
915,B6,6/1/22,920,N547JB,JFK,14:20,14:28,139,148,8,14:52,24,8,0,9,0,0
916,B6,6/1/22,1320,N517JB,JFK,20:06,12:38,142,140,992,12:51,13,946,0,0,0,44
917,B6,6/2/22,396,N3044J,BOS,11:07,11:56,158,145,49,12:14,18,0,0,36,0,0
918,B6,6/2/22,467,N638JB,FLL,6:00,6:37,111,98,37,6:47,10,16,0,0,8,0
919,B6,6/2/22,520,N618JB,JFK,10:44,11:18,135,131,34,11:37,19,30,0,0,0,0
920,B6,6/2/22,720,N708JB,JFK,7:00,7:27,137,129,27,7:42,15,12,0,0,7,0
921,B6,6/2/22,920,N2027J,JFK,14:20,17:51,139,211,211,18:51,60,0,0,256,0,27
922,B6,6/2/22,1320,N197JB,JFK,20:06,0:00,142,0,0,0:00,0,0,0,0,0,0
923,B6,6/3/22,396,N3065J,BOS,11:07,11:19,158,144,12,11:34,15,0,0,0,0,0
924,B6,6/3/22,467,N618JB,FLL,6:00,6:23,111,99,23,6:34,11,0,0,0,0,0
925,B6,6/3/22,520,N766JB,JFK,10:44,10:57,135,124,13,11:16,19,0,0,0,0,0
926,B6,6/3/22,720,N644JB,JFK,7:00,8:06,137,130,66,8:26,20,59,0,0,0,0
927,B6,6/3/22,920,N775JB,JFK,14:20,15:19,139,133,59,15:34,15,53,0,0,0,0
928,B6,6/3/22,1320,N375JB,JFK,20:06,20:20,142,134,14,20:32,12,0,0,0,0,0
929,B6,6/4/22,396,N977JE,BOS,11:07,11:10,158,148,3,11:29,19,0,0,0,0,0
930,B6,6/4/22,467,N821JB,FLL,6:00,0:00,111,0,0,0:00,0,0,0,0,0,0
931,B6,6/4/22,520,N621JB,JFK,10:44,10:56,135,117,12,11:09,13,0,0,0,0,0
932,B6,6/4/22,720,N793JB,JFK,7:00,7:07,137,116,7,7:17,10,0,0,0,0,0
933,B6,6/4/22,920,N599JB,JFK,14:20,15:11,139,130,51,15:34,23,17,0,0,0,25
934,B6,6/4/22,1320,N307JB,JFK,20:06,20:28,142,133,22,20:42,14,0,0,0,0,0
935,B6,6/5/22,396,N3065J,BOS,11:07,11:05,158,154,-2,11:24,19,0,0,0,0,0
936,B6,6/5/22,520,N658JB,JFK,10:44,11:13,135,141,29,11:31,18,0,0,6,0,29
937,B6,6/5/22,720,N568JB,JFK,7:00,6:56,137,120,-4,7:11,15,0,0,0,0,0
938,B6,6/5/22,920,N529JB,JFK,14:20,14:35,139,119,15,14:50,15,0,0,0,0,0
939,B6,6/5/22,1320,N339JB,JFK,20:06,20:04,142,137,-2,20:24,20,0,0,0,0,0
940,B6,6/6/22,396,N3008J,BOS,11:07,11:06,158,152,-1,11:27,21,0,0,0,0,0
941,B6,6/6/22,467,N537JT,FLL,6:00,6:18,111,113,18,6:36,18,18,0,2,0,0
942,B6,6/6/22,520,N648JB,JFK,10:44,11:54,135,138,70,12:12,18,70,0,3,0,0
943,B6,6/6/22,720,N645JB,JFK,7:00,7:09,137,126,9,7:25,16,0,0,0,0,0
944,B6,6/6/22,920,N547JB,JFK,14:20,14:21,139,127,1,14:44,23,0,0,0,0,0
945,B6,6/6/22,1320,N178JB,JFK,20:06,20:31,142,123,25,20:43,12,0,0,0,0,0
946,B6,6/7/22,396,N3023J,BOS,11:07,10:58,158,149,-9,11:12,14,0,0,0,0,0
947,B6,6/7/22,520,N597JB,JFK,10:44,10:47,135,128,3,11:00,13,0,0,0,0,0
948,B6,6/7/22,720,N570JB,JFK,7:00,6:55,137,128,-5,7:09,14,0,0,0,0,0
949,B6,6/7/22,920,N641JB,JFK,14:20,14:15,139,137,-5,14:31,16,0,0,0,0,0
950,B6,6/7/22,1320,N179JB,JFK,20:06,22:06,142,140,120,22:25,19,24,0,0,0,94
951,B6,6/8/22,396,N3104J,BOS,11:07,11:06,158,160,-1,11:22,16,0,0,0,0,0
952,B6,6/8/22,520,N593JB,JFK,10:44,11:07,135,135,23,11:24,17,20,0,0,0,3
953,B6,6/8/22,720,N571JB,JFK,7:00,7:20,137,129,20,7:37,17,0,0,0,0,0
954,B6,6/8/22,920,N603JB,JFK,14:20,14:15,139,132,-5,14:28,13,0,0,0,0,0
955,B6,6/8/22,1320,N203JB,JFK,20:06,20:11,142,133,5,20:23,12,0,0,0,0,0
956,B6,6/9/22,520,N584JB,JFK,12:22,12:45,142,158,23,13:06,21,23,0,16,0,0
957,B6,6/9/22,896,N976JT,BOS,10:35,10:40,153,147,5,10:54,14,0,0,0,0,0
958,B6,6/9/22,920,N508JL,JFK,7:14,7:37,135,145,23,8:03,26,23,0,10,0,0
959,B6,6/9/22,1320,N294JB,JFK,19:28,19:38,146,138,10,19:55,17,0,0,0,0,0
960,B6,6/10/22,520,N703JB,JFK,12:22,12:32,142,127,10,12:52,20,0,0,0,0,0
961,B6,6/10/22,896,N976JT,BOS,10:35,10:34,153,136,-1,10:47,13,0,0,0,0,0
962,B6,6/10/22,920,N638JB,JFK,7:14,7:10,135,127,-4,7:27,17,0,0,0,0,0
963,B6,6/10/22,1320,N238JB,JFK,19:28,21:08,146,123,100,21:24,16,12,0,0,0,65
964,B6,6/11/22,520,N633JB,JFK,12:22,12:19,142,123,-3,12:32,13,0,0,0,0,0
965,B6,6/11/22,896,N505JB,BOS,10:35,13:26,153,169,171,13:37,11,17,0,16,0,154
966,B6,6/11/22,920,N775JB,JFK,6:15,6:09,137,121,-6,6:25,16,0,0,0,0,0
967,B6,6/11/22,1320,N317JB,JFK,19:28,19:41,146,127,13,19:57,16,0,0,0,0,0
968,B6,6/12/22,520,N821JB,JFK,12:22,15:36,142,160,194,15:52,16,0,0,190,0,22
969,B6,6/12/22,896,N3023J,BOS,10:35,18:49,153,159,494,19:04,15,21,0,6,0,473
970,B6,6/12/22,920,N568JB,JFK,7:14,8:44,135,162,90,8:59,15,4,86,27,0,0
971,B6,6/12/22,1320,N258JB,JFK,19:28,0:00,146,0,0,0:00,0,0,0,0,0,0
972,B6,6/13/22,520,N703JB,JFK,12:22,12:26,142,141,4,12:46,20,0,0,0,0,0
973,B6,6/13/22,896,N3085J,BOS,10:35,10:30,153,144,-5,10:44,14,0,0,0,0,0
974,B6,6/13/22,920,N508JL,JFK,7:14,7:25,135,136,11,7:43,18,0,0,0,0,0
975,B6,6/13/22,1320,N281JB,JFK,19:28,19:41,146,156,13,19:58,17,13,0,10,0,0
976,B6,6/14/22,520,N807JB,JFK,12:22,12:46,142,158,24,13:01,15,3,0,16,0,21
977,B6,6/14/22,896,N547JB,BOS,10:35,10:30,153,169,-5,10:43,13,0,0,0,0,0
978,B6,6/14/22,920,N510JB,JFK,7:14,7:26,135,133,12,7:42,16,0,0,0,0,0
979,B6,6/14/22,1320,N373JB,JFK,19:28,20:48,146,135,80,21:04,16,26,0,0,0,43
980,B6,6/15/22,520,N806JB,JFK,12:22,12:56,142,162,34,13:41,45,34,0,20,0,0
981,B6,6/15/22,896,N712JB,BOS,10:35,11:00,153,145,25,11:15,15,7,0,0,0,10
982,B6,6/15/22,920,N652JB,JFK,7:14,7:13,135,146,-1,7:39,26,0,0,0,0,0
983,B6,6/15/22,1320,N373JB,JFK,19:28,21:30,146,143,122,21:45,15,22,0,0,0,97
984,B6,6/16/22,520,N510JB,JFK,12:22,15:27,142,183,185,15:55,28,0,0,52,0,174
985,B6,6/16/22,896,N3044J,BOS,10:35,11:40,153,149,65,11:53,13,0,0,34,0,27
986,B6,6/16/22,920,N563JB,JFK,7:14,11:43,135,139,1709,11:59,16,1709,0,4,0,0
987,B6,6/16/22,1320,N316JB,JFK,19:28,0:00,146,0,0,0:00,0,0,0,0,0,0
988,B6,6/17/22,520,N639JB,JFK,12:22,13:22,142,134,60,13:35,13,39,0,0,0,13
989,B6,6/17/22,896,N3058J,BOS,10:35,10:38,153,154,3,10:56,18,0,0,0,0,0
990,B6,6/17/22,920,N563JB,JFK,7:14,0:00,135,0,0,0:00,0,0,0,0,0,0
991,B6,6/17/22,1320,N266JB,JFK,19:28,1:36,146,112,368,1:45,9,34,0,0,0,300
992,B6,6/18/22,520,N561JB,JFK,12:22,13:34,142,131,72,13:52,18,19,0,0,0,42
993,B6,6/18/22,896,N3023J,BOS,10:35,12:09,153,162,94,12:33,24,17,0,9,0,77
994,B6,6/18/22,920,N618JB,JFK,6:15,0:00,137,0,0,0:00,0,0,0,0,0,0
995,B6,6/18/22,1320,N309JB,JFK,19:28,19:36,146,227,8,20:08,32,8,0,81,0,0
996,B6,6/19/22,520,N529JB,JFK,12:22,12:22,142,139,0,12:41,19,0,0,0,0,0
997,B6,6/19/22,896,N656JB,BOS,10:35,10:56,153,158,21,11:09,13,21,0,5,0,0
998,B6,6/19/22,920,N568JB,JFK,7:05,7:21,135,141,16,7:39,18,0,0,6,16,0
999,B6,6/19/22,1320,N206JB,JFK,19:28,21:09,146,155,101,21:28,19,22,0,9,0,79
1000,B6,6/20/22,520,N661JB,JFK,12:22,12:18,142,137,-4,12:37,19,0,0,0,0,0
1001,B6,6/20/22,896,N3077J,BOS,10:35,10:40,153,159,5,10:56,16,0,0,0,0,0
1002,B6,6/20/22,920,N643JB,JFK,7:14,7:31,135,139,17,7:48,17,17,0,4,0,0
1003,B6,6/20/22,1320,N236JB,JFK,19:28,19:47,146,144,19,19:56,9,17,0,0,0,0
1004,B6,6/21/22,520,N598JB,JFK,12:22,12:22,142,141,0,12:38,16,0,0,0,0,0
1005,B6,6/21/22,896,N615JB,BOS,10:35,10:44,153,154,9,10:58,14,0,0,0,0,0
1006,B6,6/21/22,920,N534JB,JFK,7:14,7:23,135,141,9,7:40,17,9,0,6,0,0
1007,B6,6/21/22,1320,N279JB,JFK,19:28,19:27,146,161,-1,19:39,12,0,0,0,0,0
1008,B6,6/22/22,520,N793JB,JFK,12:22,12:19,142,147,-3,12:37,18,0,0,0,0,0
1009,B6,6/22/22,896,N558JB,BOS,10:35,10:33,153,154,-2,10:51,18,0,0,0,0,0
1010,B6,6/22/22,920,N779JB,JFK,7:14,7:14,135,150,0,7:34,20,0,0,15,0,0
1011,B6,6/22/22,1320,N281JB,JFK,19:28,21:16,146,185,108,21:30,14,0,0,139,0,8
1012,B6,6/23/22,520,N706JB,JFK,12:22,13:09,142,129,47,13:25,16,15,0,0,0,19
1013,B6,6/23/22,896,N3044J,BOS,10:35,13:50,153,142,195,14:03,13,184,0,0,0,0
1014,B6,6/23/22,920,N613JB,JFK,7:14,7:19,135,138,5,7:37,18,0,0,0,0,0
1015,B6,6/23/22,1320,N198JB,JFK,19:28,20:33,146,146,65,20:54,21,9,0,0,0,56
1016,B6,6/24/22,520,N807JB,JFK,12:22,12:14,142,129,-8,12:31,17,0,0,0,0,0
1017,B6,6/24/22,896,N3044J,BOS,10:35,10:28,153,153,-7,10:41,13,0,0,0,0,0
1018,B6,6/24/22,920,N627JB,JFK,7:14,7:12,135,134,-2,7:27,15,0,0,0,0,0
1019,B6,6/24/22,1320,N238JB,JFK,19:28,19:21,146,154,-7,19:38,17,0,0,0,0,0
1020,B6,6/25/22,520,N809JB,JFK,12:22,12:24,142,133,2,12:40,16,0,0,0,0,0
1021,B6,6/25/22,896,N3077J,BOS,10:35,11:15,153,149,40,11:30,15,22,0,0,0,14
1022,B6,6/25/22,920,N784JB,JFK,6:15,6:22,137,135,7,6:37,15,0,0,0,0,0
1023,B6,6/25/22,1320,N348JB,JFK,19:28,19:39,146,144,11,19:53,14,0,0,0,0,0
1024,B6,6/26/22,520,N768JB,JFK,12:22,12:35,142,133,13,12:51,16,0,0,0,0,0
1025,B6,6/26/22,896,N3008J,BOS,10:35,10:48,153,155,13,10:59,11,7,0,2,0,6
1026,B6,6/26/22,920,N809JB,JFK,7:14,7:22,135,145,8,7:42,20,8,0,10,0,0
1027,B6,6/26/22,1320,N184JB,JFK,19:28,19:36,146,151,8,19:51,15,0,0,0,0,0
1028,B6,6/27/22,520,N834JB,JFK,12:22,13:04,142,152,42,13:19,15,42,0,10,0,0
1029,B6,6/27/22,896,N517JB,BOS,10:35,10:47,153,142,12,10:59,12,0,0,0,0,0
1030,B6,6/27/22,920,N746JB,JFK,7:14,7:14,135,131,0,7:29,15,0,0,0,0,0
1031,B6,6/27/22,1320,N184JB,JFK,19:28,19:52,146,182,24,20:00,8,13,0,36,0,11
1032,B6,6/28/22,520,N586JB,JFK,12:22,12:36,142,126,14,12:53,17,0,0,0,0,0
1033,B6,6/28/22,896,N506JB,BOS,10:30,10:43,153,134,13,10:54,11,0,0,0,0,0
1034,B6,6/28/22,920,N763JB,JFK,7:14,7:12,135,129,-2,7:33,21,0,0,0,0,0
1035,B6,6/28/22,1320,N283JB,JFK,19:28,20:36,146,123,68,20:51,15,10,0,0,0,35
1036,B6,6/29/22,520,N665JB,JFK,12:22,12:23,142,135,1,12:42,19,0,0,0,0,0
1037,B6,6/29/22,896,N641JB,BOS,10:35,10:34,153,136,-1,10:52,18,0,0,0,0,0
1038,B6,6/29/22,920,N766JB,JFK,7:14,7:34,135,152,20,8:17,43,20,0,17,0,0
1039,B6,6/29/22,1320,N324JB,JFK,19:28,20:57,146,133,89,21:08,11,13,0,0,0,63
1040,B6,6/30/22,520,N603JB,JFK,12:22,12:21,142,122,-1,12:35,14,0,0,0,0,0
1041,B6,6/30/22,896,N3023J,BOS,10:35,10:45,153,141,10,10:57,12,0,0,0,0,0
1042,B6,6/30/22,920,N627JB,JFK,7:14,7:16,135,136,2,7:40,24,0,0,0,0,0
1043,B6,6/30/22,1320,N354JB,JFK,19:28,19:44,146,128,16,19:58,14,0,0,0,0,0